date,item_raw,qty_sold,gross_revenue
2026-04-01,AMERICAN NUTS Ice Cream,1,150.0
2026-04-01,Andhra Chicken BL,1,316.0
2026-04-01,ANJEERBADAM Ice Cream,2,300.0
2026-04-01,BELGIUM CHOCO Milk Shake,1,140.0
2026-04-01,BIRYANI RICE,2,324.0
2026-04-01,BOILED EGG,4,140.0
2026-04-01,BUTR SCOTCH Milk Shake,2,280.0
2026-04-01,Butter Chicken BL,2,614.0
2026-04-01,Butter Non,22,1100.0
2026-04-01,Cashewnut Curry,1,240.0
2026-04-01,Cashewnut Fry,1,240.0
2026-04-01,Cashewnut Panner Biryani,1,250.0
2026-04-01,CDB FAMILLY PACK,1,555.0
2026-04-01,chi lolypop 6 pic,4,1300.0
2026-04-01,Chicken Curry (B),2,500.0
2026-04-01,CHICKEN DUM BIRYANI,16,4128.0
2026-04-01,CHICKEN FRY PIECE BIRYANI,12,3096.0
2026-04-01,Chota Cb Biryani,8,1360.0
2026-04-01,COOL DRINK 250 ML,33,660.0
2026-04-01,Curd Rice,6,456.0
2026-04-01,Dragen Chicken (BL),2,630.0
2026-04-01,EGG BIRYANI,3,576.0
2026-04-01,Gobi Munchuria,2,340.0
2026-04-01,KADAI CHICKEN (B),2,560.0
2026-04-01,LASSI SALT,2,130.0
2026-04-01,MI.WATER .500ml,4,40.0
2026-04-01,MI.WATER LT,56,1120.0
2026-04-01,Mix Veg Curry,2,380.0
2026-04-01,Omlett,2,180.0
2026-04-01,Palak Paneer,2,420.0
2026-04-01,Paneer,65,210.0
2026-04-01,Paneer Butter Masala,3,660.0
2026-04-01,PANNER Biryani,2,458.0
2026-04-01,PLAIN RICE,6,288.0
2026-04-01,PRAWNS BIRYANI,4,1228.0
2026-04-01,Prawns Curry,2,654.0
2026-04-01,PULKA,32,384.0
2026-04-01,R R Chicken BL,3,975.0
2026-04-01,Soda 750ml,2,36.0
2026-04-01,SP CHICKEN BIRYANI,23,6141.0
2026-04-01,SP CHICKEN FRIED RICE,5,1390.0
2026-04-01,Spl Fish Curry,2,700.0
2026-04-01,To Day Spl Chicken Biryani,2,760.0
2026-04-01,Vannila Ice Cream,3,297.0
2026-04-01,VEG BIRYANI,2,344.0
2026-05-01,1 BY 2 Curd rice,2,160.0
2026-05-01,ADITYA SPL BIRYANI,1,353.0
2026-05-01,ANDHRA CHICKEN (B),2,580.0
2026-05-01,BELGIUM CHOCO Milk Shake,1,140.0
2026-05-01,Belgom Chocolate Ice Cream,2,260.0
2026-05-01,BIRYANI RICE,1,162.0
2026-05-01,BLACK CURRENT Ice Cream,2,260.0
2026-05-01,Butter Chicken BL,2,614.0
2026-05-01,Butter Non,25,1250.0
2026-05-01,Butter Roti,6,210.0
2026-05-01,BUTTERSCOTCH Ice Cream,2,240.0
2026-05-01,Cashewnut Biryani,1,229.0
2026-05-01,Cashewnut Curry,1,240.0
2026-05-01,Cashewnut Fry,1,240.0
2026-05-01,Cashewnut Panner Biryani,2,500.0
2026-05-01,Cashewnut Panner Curry,1,250.0
2026-05-01,Cashewnut Tomato,2,480.0
2026-05-01,CB FAMILY PACK,1,575.0
2026-05-01,chi lolypop 6 pic,10,3250.0
2026-05-01,chi mejistic,2,630.0
2026-05-01,CHICKEN 65 BL,3,834.0
2026-05-01,CHICKEN DUM BIRYANI,18,4644.0
2026-05-01,Chicken Egg Drop BL,3,975.0
2026-05-01,CHICKEN FRIED RICE,2,478.0
2026-05-01,CHICKEN FRY PIECE BIRYANI,11,2838.0
2026-05-01,Chicken LolyPop 3pc,7,1400.0
2026-05-01,Chicken Manchow Soup,2,288.0
2026-05-01,Chicken Manchuria BL,2,556.0
2026-05-01,CHILLI CHICKEN BL,2,556.0
2026-05-01,Chilli Fish,2,692.0
2026-05-01,COOL DRINK 250 ML,45,900.0
2026-05-01,Curd,8,248.0
2026-05-01,Curd Rice,19,1444.0
2026-05-01,Egg Burzi,2,260.0
2026-05-01,Fish Appolo,2,692.0
2026-05-01,Fish Curry Small,2,460.0
2026-05-01,GOBI,65,170.0
2026-05-01,Kadai Chicken BL,3,921.0
2026-05-01,LASSI SWEET,4,260.0
2026-05-01,METHI CHAMAN,3,720.0
2026-05-01,MIWATER .500ml,28,280.0
2026-05-01,MIWATER LT,93,1860.0
2026-05-01,Murgi Masala B,3,948.0
2026-05-01,Mushuroom Biryani,4,916.0
2026-05-01,mutton curry (s),3,1050.0
2026-05-01,MUTTON FRY PIECE BIRYANI,11,4202.0
2026-05-01,Palak Curry,2,300.0
2026-05-01,Palak Paneer,2,420.0
2026-05-01,Paneer,65,210.0
2026-05-01,Paneer Butter Masala,9,1980.0
2026-05-01,PANNER Biryani,3,687.0
2026-05-01,PLAIN RICE,20,960.0
2026-05-01,Prawns Curry,2,654.0
2026-05-01,Prwans Fry,3,1008.0
2026-05-01,PULKA,51,612.0
2026-05-01,R R Chicken BL,2,650.0
2026-05-01,Roti,20,600.0
2026-05-01,Soda 750ml,2,36.0
2026-05-01,SP CHICKEN BIRYANI,46,12282.0
2026-05-01,SP CHICKEN FRIED RICE,6,1668.0
2026-05-01,SP FAMILY PACK,8,4560.0
2026-05-01,Spl Fish Curry,5,1750.0
2026-05-01,TANDOORI CHICKEN HALF,2,610.0
2026-05-01,TANDOORI KABAB HALF,2,460.0
2026-05-01,TANDOORI KABAB Full,4,1380.0
2026-05-01,Vannila Ice Cream,2,198.0
2026-05-01,Veg Bhuton,1,250.0
2026-05-01,VEG BIRYANI,15,2580.0
2026-05-01,VEG FRIED RICE,3,492.0
2026-05-01,Veg Hot N Sour Soup,2,260.0
2026-04-02,1 BY 2 Curd rice,1,80.0
2026-04-02,Andhra Chicken BL,4,1264.0
2026-04-02,ANJEERBADAM Ice Cream,2,300.0
2026-04-02,Baby Corn 555,1,210.0
2026-04-02,Baby Corn 65,1,200.0
2026-04-02,Belgom Chocolate Ice Cream,2,260.0
2026-04-02,BIRYANI RICE,1,162.0
2026-04-02,BLACK CURRENT Ice Cream,1,130.0
2026-04-02,BOILED EGG,3,105.0
2026-04-02,Butter Chicken BL,5,1535.0
2026-04-02,Butter Non,38,1900.0
2026-04-02,BUTTERSCOTCH Ice Cream,1,120.0
2026-04-02,Cashewnut Biryani,2,458.0
2026-04-02,Cashewnut Chicken BL,2,652.0
2026-04-02,Cashewnut Curry,1,240.0
2026-04-02,Cashewnut Fry,1,240.0
2026-04-02,Cashewnut Panner Curry,2,500.0
2026-04-02,Cashewnut Panner(F) Rice,2,500.0
2026-04-02,cashw nut fried rice,1,220.0
2026-04-02,CB FAMILY PACK,4,2300.0
2026-04-02,CDB FAMILLY PACK,3,1665.0
2026-04-02,chi lolypop 6 pic,13,4225.0
2026-04-02,Chicken Curry BL,2,576.0
2026-04-02,CHICKEN DUM BIRYANI,9,2322.0
2026-04-02,CHICKEN FRY PIECE BIRYANI,10,2580.0
2026-04-02,Chicken LolyPop 3pc,5,1000.0
2026-04-02,CHILLI CHICKEN BL,4,1112.0
2026-04-02,Chota CDB Biryani,2,340.0
2026-04-02,Chota Sp biryani,3,510.0
2026-04-02,COOL DRINK 250 ML,47,940.0
2026-04-02,Curd,4,124.0
2026-04-02,Curd Rice,9,684.0
2026-04-02,Fish Curry Small,2,460.0
2026-04-02,LASSI SWEET,3,195.0
2026-04-02,METHI CHAMAN,3,720.0
2026-04-02,MIWATER .50Oml,42,420.0
2026-04-02,MI.WATER LT,75,1500.0
2026-04-02,Mixed Fried Rice Veg,2,420.0
2026-04-02,Murgi Masala B,2,632.0
2026-04-02,Mushuroom Biryani,5,1145.0
2026-04-02,Mutton Curry (L),2,880.0
2026-04-02,Paneer,65,210.0
2026-04-02,Paneer Butter Masala,2,440.0
2026-04-02,Panner Bir (F) Pack,2,960.0
2026-04-02,PANNER Biryani,3,687.0
2026-04-02,Panner Fried Rice,2,440.0
2026-04-02,Panner Machuria,2,440.0
2026-04-02,PLAIN RICE,12,576.0
2026-04-02,Prwans Fry,2,672.0
2026-04-02,PULKA,29,348.0
2026-04-02,Roti,16,480.0
2026-04-02,SP CHICKEN BIRYANI,29,7743.0
2026-04-02,SP FAMILY PACK,11,6270.0
2026-04-02,SPL VEG FRIED RICE,3,660.0
2026-04-02,STAR CHICKEN BL,2,670.0
2026-04-02,TANDOORI CHICKEN FULL,3,1470.0
2026-04-02,TANDOORI CHICKEN HALF,3,915.0
2026-04-02,Vannila Ice Cream,3,297.0
2026-04-02,VEG BIRYANI,5,860.0
2026-04-02,VEG FRIED RICE,4,656.0
2026-05-02,1 BY 2 Curd rice,3,240.0
2026-05-02,Andhra Chicken BL,1,316.0
2026-05-02,ANDHRA CHICKEN (B),1,290.0
2026-05-02,Baby Corn 555,1,210.0
2026-05-02,Baby Corn 65,1,200.0
2026-05-02,BELGIUM CHOCO Milk Shake,1,140.0
2026-05-02,Belgom Chocolate Ice Cream,2,260.0
2026-05-02,BIRYANI RICE,2,324.0
2026-05-02,BUTTER MILK,4,180.0
2026-05-02,Butter Non,48,2400.0
2026-05-02,Bulter Roti,2,70.0
2026-05-02,Cashewnut Biryani,3,687.0
2026-05-02,Cashewnut Curry,4,960.0
2026-05-02,Cashewnut Melhi,7,240.0
2026-05-02,Cashewnut Panner Curry,2,500.0
2026-05-02,chi lolypop pic,6,1950.0
2026-05-02,CHICKEN 65 BL,3,834.0
2026-05-02,CHICKEN DUM BIRYANI,14,3612.0
2026-05-02,CHICKEN FRY PIECE BIRYANI,8,2064.0
2026-05-02,Chicken Lolypop Biryani,2,670.0
2026-05-02,CHILLI CHICKEN BL,3,834.0
2026-05-02,COOL DRINK 250 ML,40,800.0
2026-05-02,Crispy Corn,2,320.0
2026-05-02,Curd,3,93.0
2026-05-02,Curd Rice 17,1,292.0
2026-05-02,Egg Burzi,3,390.0
2026-05-02,EGG FRIED RICE,3,579.0
2026-05-02,Garlic Non,3,210.0
2026-05-02,Gobi Munchuria,2,340.0
2026-05-02,LASSI SWEET,2,130.0
2026-05-02,METHI CHAMAN,8,1920.0
2026-05-02,MI.WATER .500ml,24,240.0
2026-05-02,MI.WATER LT,84,1680.0
2026-05-02,Mix Veg Curry,4,760.0
2026-05-02,Murgi Masala B,2,632.0
2026-05-02,Mushroom Curry,4,840.0
2026-05-02,Mushuroom Bir (F) Pack,2,960.0
2026-05-02,Mushuroom Biryani,3,687.0
2026-05-02,Mutton Curry (L),2,880.0
2026-05-02,MUTTON FRY PIECE BIRYANI,6,2292.0
2026-05-02,Palak Paneer,3,630.0
2026-05-02,Paneer Butter Masala,9,1980.0
2026-05-02,Panner Bir (F) Pack,2,960.0
2026-05-02,PANNER Biryani,3,687.0
2026-05-02,PLAIN RICE,8,384.0
2026-05-02,PRAWNS BIRYANI,6,1842.0
2026-05-02,Prawns Curry,2,654.0
2026-05-02,PULKA,27,324.0
2026-05-02,R R Chicken BL,2,650.0
2026-05-02,Roti,60,1800.0
2026-05-02,Sezwan Gobi Fried Rice,2,400.0
2026-05-02,Soda 750ml,8,144.0
2026-05-02,SP CHICKEN BIRYANI,24,6408.0
2026-05-02,SP FAMILY PACK,6,3420.0
2026-05-02,Spl Curd Rice,3,258.0
2026-05-02,TANDOORI CHICKEN HALF,3,915.0
2026-05-02,Tomato Curry,3,510.0
2026-05-02,Vannila Ice Cream,3,297.0
2026-05-02,VEG BIRYANI,4,688.0
2026-05-02,VEG FRIED RICE,3,492.0
2026-05-02,Veg Manchow Soup,2,270.0
2026-04-03,Andhra Chicken BL,1,316.0
2026-04-03,ANJEERBADAM Ice Cream,3,450.0
2026-04-03,Bulter Chicken BL,3,921.0
2026-04-03,Butter Non,34,1700.0
2026-04-03,BUTTERSCOTCH Ice Cream,2,240.0
2026-04-03,CARAMILNUTS Ice Cream,1,130.0
2026-04-03,Cashewnut Curry,6,1440.0
2026-04-03,Cashewnut Panner Biryani,3,750.0
2026-04-03,CB FAMILY PACK,2,1150.0
2026-04-03,CDB FAMILLY PACK,2,1110.0
2026-04-03,chi lolypop 6 pic,11,3575.0
2026-04-03,Chi Lolypop Bir (F) Pack,1,660.0
2026-04-03,CHICKEN 555 BL,1,335.0
2026-04-03,CHICKEN 65 BL,6,1668.0
2026-04-03,Chicken Corn Soup,1,150.0
2026-04-03,Chicken Curry (B),1,250.0
2026-04-03,Chicken Curry BL,2,576.0
2026-04-03,Chicken Drums (B),1,345.0
2026-04-03,CHICKEN DUM BIRYANI,14,3612.0
2026-04-03,Chicken Fry (B),2,520.0
2026-04-03,CHICKEN FRY PIECE BIRYANI,7,1806.0
2026-04-03,Chicken Hot N Sour,4,600.0
2026-04-03,Chicken LolyPop 3pc,7,1400.0
2026-04-03,Chicken Lolypop Biryani,6,2010.0
2026-04-03,CHICKEN PAKODA BL,2,614.0
2026-04-03,CHILLI CHICKEN BL,5,1390.0
2026-04-03,COOL DRINK 250 ML,37,740.0
2026-04-03,Curd Rice,9,684.0
2026-04-03,Egg,65,180.0
2026-04-03,Egg Manchuria,2,360.0
2026-04-03,Fish Curry Small,2,460.0
2026-04-03,Kadai Chicken BL,2,614.0
2026-04-03,Kadai Paneer,2,460.0
2026-04-03,LASSI SWEET,3,195.0
2026-04-03,MI.WATER .500ml,56,560.0
2026-04-03,MLWATER LT,49,980.0
2026-04-03,MTB FAMILY PACK,2,1550.0
2026-04-03,Murgi Masala B,3,948.0
2026-04-03,Mushuroom Biryani,2,458.0
2026-04-03,Mutton Curry (L),3,1320.0
2026-04-03,MUTTON FRY PIECE BIRYANI,4,1528.0
2026-04-03,Paneer Butter Masala,4,880.0
2026-04-03,PLAIN RICE,25,1200.0
2026-04-03,Prawns Curry,2,654.0
2026-04-03,Prwans Fry,2,672.0
2026-04-03,PULKA,27,324.0
2026-04-03,R R Chicken BL,3,975.0
2026-04-03,Roti,48,1440.0
2026-04-03,Soda .750ml,6,108.0
2026-04-03,SP CHICKEN BIRYANI,31,8277.0
2026-04-03,SP CHICKEN FRIED RICE,2,556.0
2026-04-03,SP FAMILY PACK,2,1140.0
2026-04-03,Spl Fish Curry,4,1400.0
2026-04-03,spl veg biryani,2,440.0
2026-04-03,STRAWBERRY Ice Cream,3,330.0
2026-04-03,TANDOORI CHICKEN FULL,4,1960.0
2026-04-03,TANDOORI CHICKEN HALF,3,915.0
2026-04-03,Vannila Ice Cream,3,297.0
2026-04-03,VEG BIRYANI,11,1892.0
2026-04-03,VEG FRIED RICE,3,492.0
2026-04-03,Veg Machuria,2,340.0
2026-04-03,ZEERA RICE,3,489.0
2026-05-03,ADITYA SPL BIRYANI,1,353.0
2026-05-03,Andhra Chicken BL,3,948.0
2026-05-03,ANDHRA CHICKEN (B),1,290.0
2026-05-03,Belgom Chocolate Ice Cream,5,650.0
2026-05-03,BIRYANI RICE,1,162.0
2026-05-03,BOILED EGG,1,35.0
2026-05-03,Bulter Chicken BL,3,921.0
2026-05-03,BUTTER MILK,1,45.0
2026-05-03,Butter Non,51,2550.0
2026-05-03,BUTTERSCOTCH Ice Cream,1,120.0
2026-05-03,Cashewnut Biryani,2,458.0
2026-05-03,Cashewnut Chicken BL,1,326.0
2026-05-03,Cashewnut Curry,3,720.0
2026-05-03,Cashewnut Panner Biryani,1,250.0
2026-05-03,Cashewnut Panner Curry,3,750.0
2026-05-03,Cashewnut Tomato,1,240.0
2026-05-03,CB FAMILY PACK,1,575.0
2026-05-03,CDB FAMILLY PACK,2,1110.0
2026-05-03,chi lolypop 6 pic,13,4225.0
2026-04-04,ADITYA SPL BIRYANI,1,353.0
2026-04-04,ANDHRA CHICKEN (B),1,290.0
2026-04-04,Baby Corn Manchuria,3,600.0
2026-04-04,BIRYANI RICE,2,324.0
2026-04-04,Butter Chicken BL,3,921.0
2026-04-04,BUTTER MILK,3,135.0
2026-04-04,Butter Non,64,3200.0
2026-04-04,BUTTERSCOTCH Ice Cream,4,480.0
2026-04-04,Cashewnut Curry,6,1440.0
2026-04-04,Cashewnut Mushuram Curry,1,340.0
2026-04-04,Cashewnut Panner Biryani,1,250.0
2026-04-04,CDB FAMILLY PACK,5,2775.0
2026-04-04,chi lolypop 6 pic,10,3250.0
2026-04-04,Chi Lolypop Bir (F) Pack,1,660.0
2026-04-04,CHICKEN DUM BIRYANI,3,774.0
2026-04-04,CHICKEN FRIED RICE,2,478.0
2026-04-04,CHICKEN FRY PIECE BIRYANI,5,1290.0
2026-04-04,Chicken Hot N Sour,5,750.0
2026-04-04,CHILLI CHICKEN BL,3,834.0
2026-04-04,Chota Sp biryani,2,340.0
2026-04-04,COOL DRINK 250 ML,24,480.0
2026-04-04,Curd Rice,4,304.0
2026-04-04,Fish Curry Small,2,460.0
2026-04-04,Garlic Non,3,210.0
2026-04-04,Kadai Chicken BL,3,921.0
2026-04-04,LASSI SWEET,4,260.0
2026-04-04,METHI CHAMAN,4,960.0
2026-04-04,MI.WATER .500ml,11,110.0
2026-04-04,MIWATER LT,42,840.0
2026-04-04,Mix Veg Curry,2,380.0
2026-04-04,Moghalai Chicken BL,2,652.0
2026-04-04,Mushuroom Fried Rice,2,440.0
2026-04-04,MUTTON FRY PIECE BIRYANI,3,1146.0
2026-04-04,Paneer,65,210.0
2026-04-04,Paneer Butter Masala,4,880.0
2026-04-04,PANNER Biryani,2,458.0
2026-04-04,PULKA,55,660.0
2026-04-04,Roti,34,1020.0
2026-04-04,Soda 750ml,3,54.0
2026-04-04,SP CHICKEN BIRYANI,26,6942.0
2026-04-04,SP CHICKEN FRIED RICE,2,556.0
2026-04-04,SP FAMILY PACK,2,1140.0
2026-04-04,TANDOORI CHICKEN HALF,2,610.0
2026-04-04,Vannila Ice Cream,2,198.0
2026-04-04,VEG BIRYANI,2,344.0
2026-04-04,VEG FRIED RICE,3,492.0
2026-04-04,Veg Manchow Soup,2,270.0
2026-05-04,ANDHRA CHICKEN (B),1,290.0
2026-05-04,ANJEERBADAM Ice Cream,1,150.0
2026-05-04,Baby Corn Manchuria,1,200.0
2026-05-04,Belgom Chocolate Ice Cream,1,130.0
2026-05-04,BLACK CURRENT Ice Cream,3,390.0
2026-05-04,BOILED EGG,1,35.0
2026-05-04,Bulter Chicken BL,3,921.0
2026-05-04,BUTTER MILK,2,90.0
2026-05-04,Bulter Non,39,1950.0
2026-05-04,BUTTERSCOTCH Ice Cream,1,120.0
2026-05-04,Cashewnut Biryani,2,458.0
2026-05-04,Cashewnut Panner Curry,1,250.0
2026-05-04,CB FAMILY PACK,1,575.0
2026-05-04,CDB FAMILLY PACK,3,1665.0
2026-05-04,chi lolypop 6 pic,7,2275.0
2026-05-04,CHICKEN 65 BL,4,1112.0
2026-05-04,Chicken 85 BL,1,325.0
2026-05-04,CHICKEN DUM BIRYANI,16,4128.0
2026-05-04,Chicken Fry BL,2,556.0
2026-05-04,CHICKEN FRY PIECE BIRYANI,4,1032.0
2026-05-04,Chicken Hot N Sour,3,450.0
2026-05-04,Chicken LolyPop 3pc,2,400.0
2026-05-04,Chicken Lolypop Biryani,7,2345.0
2026-05-04,Chicken Manchow Soup,2,288.0
2026-05-04,CHILLI CHICKEN BL,3,834.0
2026-05-04,Chota Cb Biryani,5,850.0
2026-05-04,Chota Sp biryani,2,340.0
2026-05-04,COOL DRINK 250 ML,35,700.0
2026-05-04,Crispy Corn,2,320.0
2026-05-04,Curd,3,93.0
2026-05-04,Curd Rice,11,836.0
2026-05-04,EGG BIRYANI,2,384.0
2026-05-04,GOBI,65,170.0
2026-05-04,Kadai Chicken BL,2,614.0
2026-05-04,Kadai Mushroom,2,420.0
2026-05-04,LASSI SWEET,2,130.0
2026-05-04,Malai Kofta,2,500.0
2026-05-04,METHI CHAMAN,2,480.0
2026-05-04,MI.WATER .500ml,70,700.0
2026-05-04,MI.WATER LT,36,720.0
2026-05-04,Murgi Masala B,2,632.0
2026-05-04,Mushroom,65,200.0
2026-05-04,Mushuroom Biryani,3,687.0
2026-05-04,MUTTON FRY PIECE BIRYANI,3,1146.0
2026-05-04,Mutton Soup,3,585.0
2026-05-04,Palak Paneer,3,630.0
2026-05-04,Paneer Butter Masala,5,1100.0
2026-05-04,PANNER Biryani,2,458.0
2026-05-04,PLAIN RICE,5,240.0
2026-05-04,PRAWNS BIRYANI,5,1535.0
2026-05-04,R R Chicken BL,3,975.0
2026-05-04,Roti,30,900.0
2026-05-04,SP CHICKEN BIRYANI,29,7743.0
2026-05-04,SP FAMILY PACK,2,1140.0
2026-05-04,Spl Curd Rice,6,516.0
2026-05-04,spl veg biryani,2,440.0
2026-05-04,SPL VEG FRIED RICE,2,440.0
2026-05-04,TANDOORI CHICKEN FULL,2,980.0
2026-05-04,VEG BIRYANI,6,1032.0
2026-05-04,VEG FRIED RICE,2,328.0
2026-04-05,1 BY 2 Curd rice,4,320.0
2026-04-05,AMERICAN NUTS Ice Cream,2,300.0
2026-04-05,Andhra Chicken BL,1,316.0
2026-04-05,ANDHRA CHICKEN (B),1,290.0
2026-04-05,Belgom Chocolate Ice Cream,5,650.0
2026-04-05,BLACK CURRENT Ice Cream,7,910.0
2026-04-05,BOILED EGG,1,35.0
2026-04-05,Butter Chicken BL,7,2149.0
2026-04-05,BUTTER MILK,1,45.0
2026-04-05,Butter Non,43,2150.0
2026-04-05,Butter Roti,4,140.0
2026-04-05,CARAMELNUTS Milk Shake,1,140.0
2026-04-05,CARAMILNUTS Ice Cream,1,130.0
2026-04-05,Cashewnut Biryani,2,458.0
2026-04-05,Cashewnut Curry,5,1200.0
2026-04-05,Cashewnut Fry,1,240.0
2026-04-05,Cashewnut Panner Biryani,1,250.0
2026-04-05,Cashewnut Panner Curry,2,500.0
2026-04-05,CB FAMILY PACK,1,575.0
2026-04-05,CDB FAMILLY PACK,3,1665.0
2026-04-05,chi lolypop 6 pic,13,4225.0
2026-04-05,Chi Maharani Curry,1,345.0
2026-04-05,chi mejistic,3,945.0
2026-04-05,CHICKEN 555 BL,2,670.0
2026-04-05,CHICKEN 65 BL,8,2224.0
2026-04-05,Chicken Curry (B),2,500.0
2026-04-05,Chicken Curry BL,2,576.0
2026-04-05,CHICKEN DUM BIRYANI,15,3870.0
2026-04-05,CHICKEN FRY PIECE BIRYANI,27,6966.0
2026-04-05,Chicken LolyPop 3pc,5,1000.0
2026-04-05,Chicken Lolypop Biryani,2,670.0
2026-04-05,CHICKEN PAKODA BL,2,614.0
2026-04-05,CHILLI CHICKEN BL,10,2780.0
2026-04-05,Chilli Egg,2,360.0
2026-04-05,Chilli Prawns,3,1038.0
2026-04-05,CHOCOCHIPS Ice Cream,2,220.0
2026-04-05,Chota Cb Biryani,3,510.0
2026-04-05,Chota Sp biryani,3,510.0
2026-04-05,COOL DRINK 250 ML,58,1160.0
2026-04-05,Crispy Baby Corn,2,400.0
2026-04-05,Curd,5,155.0
2026-04-05,Curd Rice 17,1,292.0
2026-04-05,Dragen Chicken (BL),1,315.0
2026-04-05,EGG BIRYANI,2,384.0
2026-04-05,Egg Burzi,1,130.0
2026-04-05,EGG Curry,2,340.0
2026-04-05,Fish Curry Small,4,920.0
2026-04-05,Garlic Non,8,560.0
2026-04-05,GOBI,65,170.0
2026-04-05,Gobi Munchuria,2,340.0
2026-04-05,Kadai Chicken BL,3,921.0
2026-04-05,LASSI SWEET,5,325.0
2026-04-05,METHI CHAMAN,3,720.0
2026-04-05,MI.WATER .500ml,15,150.0
2026-04-05,MI.WATER LT,80,1600.0
2026-04-05,Mix Veg Curry,4,760.0
2026-04-05,Murgi Masala B,5,1580.0
2026-04-05,Mushroom Curry,5,1050.0
2026-04-05,Mushuroom Biryani,2,458.0
2026-04-05,Mutton Curry (L),3,1320.0
2026-04-05,mutton curry (s),2,700.0
2026-04-05,MUTTON FRY PIECE BIRYANI,6,2292.0
2026-04-05,Mutton Soup,2,390.0
2026-04-05,Palak Curry,2,300.0
2026-04-05,Palak Paneer,2,420.0
2026-04-05,Paneer,65,210.0
2026-04-05,PANNER Biryani,3,687.0
2026-04-05,PLAIN RICE,23,1104.0
2026-04-05,Prawns Curry,4,1308.0
2026-04-05,Prwans Fry,2,672.0
2026-04-05,PULKA,31,372.0
2026-04-05,R R Chicken BL,3,975.0
2026-04-05,Roti,29,870.0
2026-04-05,SP CHICKEN BIRYANI,52,13884.0
2026-04-05,SP CHICKEN FRIED RICE,2,556.0
2026-04-05,SP FAMILY PACK,5,2850.0
2026-04-05,Spl Curd Rice,2,172.0
2026-04-05,Spl Fish Curry,2,700.0
2026-04-05,spl veg biryani,4,880.0
2026-04-05,SPL VEG FRIED RICE,2,440.0
2026-04-05,To Day Spl Chi (BL),2,740.0
2026-04-05,To Day Spl Chicken Biryani,3,1140.0
2026-04-05,VEG BIRYANI,7,1204.0
2026-04-05,VEG FRIED RICE,4,656.0
2026-05-05,1 BY 2 Curd rice,2,160.0
2026-05-05,AMERICAN NUTS Ice Cream,1,150.0
2026-05-05,ANDHRA CHICKEN (B),1,290.0
2026-05-05,Baby Corn Manchuria,2,400.0
2026-05-05,BELGIUM CHOCO Milk Shake,2,280.0
2026-05-05,BOILED EGG,1,35.0
2026-05-05,Butter Chicken BL,1,307.0
2026-05-05,BUTTER MILK,1,45.0
2026-05-05,Butter Non,47,2350.0
2026-05-05,Cashewnul Biryani,1,229.0
2026-05-05,Cashewnut Chicken BL,1,326.0
2026-05-05,Cashewnut Curry,5,1200.0
2026-05-05,Cashewnut Fry,1,240.0
2026-05-05,Cashewnut Mushuram Curry,1,340.0
2026-05-05,Cashewnut Panner Biryani,1,250.0
2026-05-05,Cashewnut Panner Curry,1,250.0
2026-05-05,CB FAMILY PACK,1,575.0
2026-05-05,CDB FAMILLY PACK,3,1665.0
2026-05-05,chi lolypop 6 pic,14,4550.0
2026-05-05,CHICKEN 555 BL,2,670.0
2026-05-05,CHICKEN 65 BL,3,834.0
2026-05-05,Chicken Curry (B),3,750.0
2026-05-05,Chicken Curry BL,3,864.0
2026-05-05,CHICKEN DUM BIRYANI,16,4128.0
2026-05-05,Chicken Fry BL,2,556.0
2026-05-05,CHICKEN FRY PIECE BIRYANI,10,2580.0
2026-05-05,Chicken Hot N Sour,2,300.0
2026-05-05,Chicken LolyPop 3pc,3,600.0
2026-05-05,Chicken Lolypop Biryani,3,1005.0
2026-05-05,CHILLI CHICKEN BL,5,1390.0
2026-05-05,Chota Cb Biryani,2,340.0
2026-05-05,COOL DRINK 250 ML,28,560.0
2026-05-05,Curd,13,403.0
2026-05-05,Curd Rice,10,760.0
2026-05-05,EGG Curry,3,510.0
2026-05-05,EGG FRIED RICE,3,579.0
2026-05-05,Fish Appolo,3,1038.0
2026-05-05,Garlic Non,2,140.0
2026-05-05,GOBI 65,2,340.0
2026-05-05,LASSI SWEET,2,130.0
2026-05-05,METHI CHAMAN,3,720.0
2026-05-05,MI.WATER .500ml,76,760.0
2026-05-05,MI.WATER LT,46,920.0
2026-05-05,Mogalai Biryani,2,632.0
2026-05-05,Moghali Biriyani Family Pack,3,1890.0
2026-05-05,Mushuroom Biryani,4,916.0
2026-05-05,Mutton Curry (L),2,880.0
2026-05-05,MUTTON FRY PIECE BIRYANI,2,764.0
2026-05-05,Paneer Butter Masala,3,660.0
2026-05-05,PANNER Biryani,6,1374.0
2026-05-05,Pista Ice Cream,2,240.0
2026-05-05,PLAIN RICE,18,864.0
2026-05-05,Prawns,85,346.0
2026-05-05,PRAWNS BIRYANI,2,614.0
2026-05-05,Prawns Curry,2,654.0
2026-05-05,R R Chicken BL,2,650.0
2026-05-05,Roti,51,1530.0
2026-05-05,Soda 750ml,5,90.0
2026-05-05,SP CHICKEN BIRYANI,32,8544.0
2026-05-05,SP CHICKEN FRIED RICE,7,1946.0
2026-05-05,SP FAMILY PACK,4,2280.0
2026-05-05,Spl Curd Rice,2,172.0
2026-05-05,Tandoori Chicken Biryani,3,1005.0
2026-05-05,Veg SWEET CORN SOUP,3,390.0
2026-04-06,AMERICAN NUTS Ice Cream,1,150.0
2026-04-06,Belgom Chocolate Ice Cream,2,260.0
2026-04-06,BLACK CURRENT Ice Cream,1,130.0
2026-04-06,BOILED EGG,2,70.0
2026-04-06,BUTR SCOTCH Milk Shake,2,280.0
2026-04-06,Bulter Chicken BL,1,307.0
2026-04-06,BUTTER MILK,1,45.0
2026-04-06,Bulter Non,34,170.0
2026-04-06,Butter Roti,2,70.0
2026-04-06,BUTTERSCOTCH Ice Cream,2,240.0
2026-04-06,CARAMILNUTS Ice Cream,3,390.0
2026-04-06,Cashewnut Curry,2,480.0
2026-04-06,Cashewnut Panner Biryani,1,250.0
2026-04-06,chi lolypop 6 pic,6,1950.0
2026-04-06,chi mejistic,7,315.0
2026-04-06,CHICKEN 555 BL,2,670.0
2026-04-06,CHICKEN 65 BL,2,556.0
2026-04-06,Chicken Curry BL,2,576.0
2026-04-06,CHICKEN DUM BIRYANI,14,3612.0
2026-04-06,CHICKEN FRY PIECE BIRYANI,11,2838.0
2026-04-06,Chicken Lolypop Biryani,4,1340.0
2026-04-06,CHILLI CHICKEN BL,2,556.0
2026-04-06,Chilli Gobi,2,340.0
2026-04-06,Chilli Paneer,2,420.0
2026-04-06,COOL DRINK 250 ML,24,480.0
2026-04-06,Curd,3,93.0
2026-04-06,Curd Rice,9,684.0
2026-04-06,Garlic Non,3,210.0
2026-04-06,GOBI,65,170.0
2026-04-06,Kadai Chicken BL,5,1535.0
2026-04-06,LASSI SWEET,7,455.0
2026-04-06,METHI CHAMAN,2,480.0
2026-04-06,MI.WATER 500ml,23,230.0
2026-04-06,MI.WATER LT,47,940.0
2026-04-06,Mix Veg Curry,3,570.0
2026-04-06,Mixed Fried Rice Veg,2,420.0
2026-04-06,Mushroom Curry,3,630.0
2026-04-06,Mutton Curry (L),2,880.0
2026-04-06,Palak Curry,2,300.0
2026-04-06,Paneer Butter Masala,3,660.0
2026-04-06,PLAIN RICE,10,480.0
2026-04-06,PRAWNS BIRYANI,5,1535.0
2026-04-06,PULKA,39,468.0
2026-04-06,Roti,16,480.0
2026-04-06,SP CHICKEN BIRYANI,21,5607.0
2026-04-06,SP FAMILY PACK,2,1140.0
2026-04-06,Spl Fish Curry,2,700.0
2026-04-06,spl veg biryani,3,660.0
2026-04-06,TANDOORI CHICKEN HALF,2,610.0
2026-04-06,Vannila Ice Cream,2,198.0
2026-04-06,VEG BIRYANI,4,688.0
2026-05-06,ANDHRA CHICKEN (B),1,290.0
2026-05-06,Belgom Chocolate Ice Cream,2,260.0
2026-05-06,BIRYANI RICE,2,324.0
2026-05-06,BUTR SCOTCH Milk Shake,1,140.0
2026-05-06,Butter Chicken BL,2,614.0
2026-05-06,BUTTER MILK,2,90.0
2026-05-06,Bulter Non,28,1400.0
2026-05-06,Bulter Roti,5,175.0
2026-05-06,BUTTERSCOTCH Ice Cream,3,360.0
2026-05-06,Cashewnut Curry,1,240.0
2026-05-06,Cashewnut Methi,7,240.0
2026-05-06,Cashewnut Panner Biryani,1,250.0
2026-05-06,Cashewnut Tomato,1,240.0
2026-05-06,CB FAMILY PACK,1,575.0
2026-05-06,CDB FAMILLY PACK,1,555.0
2026-05-06,chi lolypop 6 pic,6,1950.0
2026-05-06,chi mejistic,1,315.0
2026-05-06,CHICKEN 65 BL,3,834.0
2026-05-06,Chicken Curry (B),2,500.0
2026-05-06,CHICKEN DUM BIRYANI,24,6192.0
2026-05-06,CHICKEN FRY PIECE BIRYANI,9,2322.0
2026-05-06,Chicken LolyPop 3pc,3,600.0
2026-05-06,Chicken Lolypop Biryani,3,1005.0
2026-05-06,CHILLI CHICKEN BL,3,834.0
2026-05-06,Chilli Paneer,2,420.0
2026-05-06,COOL DRINK 250 ML,22,440.0
2026-05-06,Curd,9,279.0
2026-05-06,Curd Rice,8,608.0
2026-05-06,Kadai Chicken BL,3,921.0
2026-05-06,LASSI SWEET,4,260.0
2026-05-06,MI.WATER .500ml,28,280.0
2026-05-06,MLWATER LT,54,1080.0
2026-05-06,Mixed Veg Biryani,2,400.0
2026-05-06,Mutton Curry (L),2,880.0
2026-05-06,mutton curry (s),2,700.0
2026-05-06,MUTTON FRY PIECE BIRYANI,6,2292.0
2026-05-06,Paneer Butter Masala,5,1100.0
2026-05-06,PLAIN RICE,13,624.0
2026-05-06,PRAWNS BIRYANI,3,921.0
2026-05-06,R R Chicken BL,4,1300.0
2026-05-06,Roti,39,1170.0
2026-05-06,Soda .750ml,4,72.0
2026-05-06,SP CHICKEN BIRYANI,25,6675.0
2026-05-06,Star Chicken (B),3,930.0
2026-05-06,Tandoori Chicken Biryani,2,670.0
2026-05-06,TANDOORI CHICKEN FULL,3,1470.0
2026-05-06,VEG FRIED RICE,2,328.0
2026-04-07,AMERICAN NUTS Ice Cream,3,450.0
2026-04-07,Andhra Chicken BL,1,316.0
2026-04-07,ANJEERBADAM Ice Cream,1,150.0
2026-04-07,BELGIUM CHOCO Milk Shake,2,280.0
2026-04-07,Belgom Chocolate Ice Cream,3,390.0
2026-04-07,BLACK CURRENT Ice Cream,3,390.0
2026-04-07,BOILED EGG,1,35.0
2026-04-07,Butter Chicken BL,2,614.0
2026-04-07,BUTTER MILK,1,45.0
2026-04-07,Butter Non,36,1800.0
2026-04-07,Butter Roti,5,175.0
2026-04-07,BUTTERSCOTCH Ice Cream,1,120.0
2026-04-07,CARAMILNUTS Ice Cream,2,260.0
2026-04-07,Cashewnut Biryani,1,229.0
2026-04-07,Cashewnut Curry,6,1440.0
2026-04-07,Cashewnut Mushuram Curry,1,340.0
2026-04-07,Cashewnut Panner Curry,2,500.0
2026-04-07,cashw nut fried rice,2,440.0
2026-04-07,chi lolypop 6 pic,7,2275.0
2026-04-07,Chicken Curry (B),3,750.0
2026-04-07,Chicken Curry BL,2,576.0
2026-04-07,CHICKEN DUM BIRYANI,18,4644.0
2026-04-07,CHICKEN FRIED RICE,2,478.0
2026-04-07,CHICKEN FRY PIECE BIRYANI,6,1548.0
2026-04-07,Chicken Hot N Sour,2,300.0
2026-04-07,Chicken LolyPop 3pc,6,1200.0
2026-04-07,Chicken Lolypop Biryani,3,1005.0
2026-04-07,Chota Cb Biryani,3,510.0
2026-04-07,COOL DRINK 250 ML,22,440.0
2026-04-07,Curd,3,93.0
2026-04-07,Curd Rice,14,1064.0
2026-04-07,Garlic Non,5,350.0
2026-04-07,Ground Nut Masala,2,240.0
2026-04-07,KADAI CHICKEN (B),2,560.0
2026-04-07,LASSI SWEET,9,585.0
2026-04-07,METHI CHAMAN,3,720.0
2026-04-07,MIWATER .500ml,16,160.0
2026-04-07,MIWATER LT,58,1160.0
2026-04-07,Mogalai Biryani,3,948.0
2026-04-07,Mushroom Pepper & Salt,2,400.0
2026-04-07,MUTTON FRY PIECE BIRYANI,5,1910.0
2026-04-07,Omlett,4,360.0
2026-04-07,Paneer 65,2,420.0
2026-04-07,Paneer Butter Masala,2,440.0
2026-04-07,PLAIN RICE,18,864.0
2026-04-07,PRAWNS BIRYANI,3,921.0
2026-04-07,Prawns Curry,2,654.0
2026-04-07,Prwans Fry,2,672.0
2026-04-07,PULKA,33,396.0
2026-04-07,Roti,18,540.0
2026-04-07,SP CHICKEN BIRYANI,18,4806.0
2026-04-07,SP CHICKEN FRIED RICE,4,1112.0
2026-04-07,SP FAMILY PACK,3,1710.0
2026-04-07,Spl Fish Curry,6,2100.0
2026-04-07,spl veg biryani,4,880.0
2026-04-07,SPL VEG FRIED RICE,2,440.0
2026-04-07,TANDOORI CHICKEN FULL,2,980.0
2026-04-07,TANDOORI CHICKEN HALF,5,1525.0
2026-04-07,Vannila Ice Cream,3,297.0
2026-04-07,Veg Manchow Soup,4,540.0
2026-04-07,Veg SWEET CORN SOUP,2,260.0
2026-05-07,1 BY 2 Curd rice,1,80.0
2026-05-07,ADITYA SPL BIRYANI,3,1059.0
2026-05-07,Andhra Chicken BL,1,316.0
2026-05-07,ANDHRA CHICKEN (B),1,290.0
2026-05-07,Baby Corn Manchuria,1,200.0
2026-05-07,Belgom Chocolate Ice Cream,2,260.0
2026-05-07,BIRYANI RICE,1,162.0
2026-05-07,BOILED EGG,3,105.0
2026-05-07,BUTTER MILK,5,225.0
2026-05-07,Butter Non,28,1400.0
2026-05-07,Butter Roti,2,70.0
2026-05-07,BUTTERSCOTCH Ice Cream,2,240.0
2026-05-07,Cashewnut Chicken BL,1,326.0
2026-05-07,Cashewnut Curry,6,1440.0
2026-05-07,Cashewnut Panner Biryani,2,500.0
2026-05-07,Cashewnut Panner Curry,1,250.0
2026-05-07,CB FAMILY PACK,1,575.0
2026-05-07,CDB FAMILLY PACK,3,1665.0
2026-05-07,chi lolypop 6 pic,10,3250.0
2026-05-07,CHICKEN 65 BL,2,556.0
2026-05-07,CHICKEN DUM BIRYANI,3,774.0
2026-05-07,CHICKEN FRY PIECE BIRYANI,11,2838.0
2026-05-07,Chicken LolyPop 3pc,5,1000.0
2026-05-07,Chicken Lolypop Biryani,2,670.0
2026-05-07,Chicken Manchow Soup,2,288.0
2026-05-07,Chota CDB Biryani,2,340.0
2026-05-07,COOL DRINK 250 ML,34,680.0
2026-05-07,Crispy Corn,2,320.0
2026-05-07,Curd,3,93.0
2026-05-07,Curd Rice,6,456.0
2026-05-07,Dragen Chicken (BL),2,630.0
2026-05-07,EGG BIRYANI,2,384.0
2026-05-07,Kadai Chicken BL,2,614.0
2026-05-07,LASSI SWEET,7,455.0
2026-05-07,METHI CHAMAN,2,480.0
2026-05-07,MI.WATER 500ml,47,470.0
2026-05-07,MI.WATER LT,53,1060.0
2026-05-07,MTB FAMILY PACK,2,1550.0
2026-05-07,MUTTON FRY PIECE BIRYANI,6,2292.0
2026-05-07,Palak Paneer,2,420.0
2026-05-07,PLAIN RICE,4,192.0
2026-05-07,PRAWNS BIRYANI,7,2149.0
2026-05-07,Roti,19,570.0
2026-05-07,SP CHICKEN BIRYANI,21,5607.0
2026-05-07,SP CHICKEN FRIED RICE,2,556.0
2026-05-07,SP FAMILY PACK,10,5700.0
2026-05-07,spl veg biryani,2,440.0
2026-05-07,STRAWBERRY Ice Cream,4,440.0
2026-05-07,TANDOORI CHICKEN HALF,4,1220.0
2026-05-07,To Day Spl Chi (BL),2,740.0
2026-05-07,VEG FRIED RICE,6,984.0
2026-04-08,ADITYA SPL BIRYANI,1,353.0
2026-04-08,Andhra Chicken BL,2,632.0
2026-04-08,ANDHRA CHICKEN (B),1,290.0
2026-04-08,Baby Corn Manchuria,1,200.0
2026-04-08,BLACK CURRENT Ice Cream,1,130.0
2026-04-08,Butter Chicken BL,3,921.0
2026-04-08,BUTTER MILK,2,90.0
2026-04-08,Butter Non,32,1600.0
2026-04-08,BUTTERSCOTCH Ice Cream,2,240.0
2026-04-08,CARAMILNUTS Ice Cream,1,130.0
2026-04-08,Cashewnut Curry,1,240.0
2026-04-08,Cashewnut Panner Curry,1,250.0
2026-04-08,CB FAMILY PACK,1,575.0
2026-04-08,CDB FAMILLY PACK,3,1665.0
2026-04-08,chi lolypop 6 pic,5,1625.0
2026-04-08,CHICKEN 65 BL,2,556.0
2026-04-08,Chicken Curry (B),1,250.0
2026-04-08,Chicken Curry BL,1,288.0
2026-04-08,CHICKEN DUM BIRYANI,10,2580.0
2026-04-08,Chicken Egg Drop BL,3,975.0
2026-04-08,CHICKEN FRIED RICE,3,717.0
2026-04-08,CHICKEN FRY PIECE BIRYANI,16,4128.0
2026-04-08,Chicken LolyPop 3pc,4,800.0
2026-04-08,CHILLI CHICKEN BL,5,1390.0
2026-04-08,COOL DRINK 250 ML,28,560.0
2026-04-08,Crispy Corn,2,320.0
2026-04-08,Curd,3,93.0
2026-04-08,Curd Rice,8,608.0
2026-04-08,Egg Burzi,2,260.0
2026-04-08,Egg Manchuria,2,360.0
2026-04-08,Garlic Non,4,280.0
2026-04-08,LASSI SWEET,5,325.0
2026-04-08,MI.WATER .500ml,29,290.0
2026-04-08,MI.WATER LT,47,940.0
2026-04-08,Mushroom Pepper & Salt,2,400.0
2026-04-08,Mushuroom Biryani,3,687.0
2026-04-08,mutton curry (s),2,700.0
2026-04-08,MUTTON FRY PIECE BIRYANI,7,2674.0
2026-04-08,Palak Paneer,2,420.0
2026-04-08,Paneer,65,210.0
2026-04-08,Paneer Butter Masala,5,1100.0
2026-04-08,PANNER Biryani,3,687.0
2026-04-08,PLAIN RICE,13,624.0
2026-04-08,Prwans Fry,2,672.0
2026-04-08,PULKA,17,204.0
2026-04-08,R R Chicken BL,2,650.0
2026-04-08,Roti,24,720.0
2026-04-08,Soda .750ml,2,36.0
2026-04-08,SP CHICKEN BIRYANI,20,5340.0
2026-04-08,SP CHICKEN FRIED RICE,5,1390.0
2026-04-08,SP FAMILY PACK,3,1710.0
2026-04-08,SPL VEG FRIED RICE,4,880.0
2026-04-08,To Day Spl Chi (BL),2,740.0
2026-04-08,VEG BIRYANI,3,516.0
2026-04-08,VEG FRIED RICE,2,328.0
2026-05-08,ADITYA SPL BIRYANI,1,353.0
2026-05-08,ANDHRA CHICKEN (B),2,580.0
2026-05-08,ANJEERBADAM Ice Cream,4,600.0
2026-05-08,Baby Corn,65,200.0
2026-05-08,BIRYANI RICE,1,162.0
2026-05-08,BLACK CURRENT Ice Cream,2,260.0
2026-05-08,Butter Chicken BL,1,307.0
2026-05-08,Butter Non,68,3400.0
2026-05-08,Butter Roti,7,245.0
2026-05-08,BUTTERSCOTCH Ice Cream,3,360.0
2026-05-08,Cashewnut Biryani,2,458.0
2026-05-08,Cashewnut Curry,10,2400.0
2026-05-08,Cashewnut Methi,1,240.0
2026-05-08,Cashewnut Panner Curry,1,250.0
2026-05-08,CDB FAMILLY PACK,1,555.0
2026-05-08,chi lolypop 6 pic,12,3900.0
2026-05-08,CHICKEN 65 BL,3,834.0
2026-05-08,Chicken 85 BL,1,325.0
2026-05-08,Chicken Corn Soup,3,450.0
2026-05-08,Chicken Curry (B),3,750.0
2026-05-08,Chicken Curry BL,2,576.0
2026-05-08,Chicken Drums (B),1,345.0
2026-05-08,CHICKEN DUM BIRYANI,13,3354.0
2026-05-08,CHICKEN FRY PIECE BIRYANI,13,3354.0
2026-05-08,Chicken LolyPop 3pc,7,1400.0
2026-05-08,Chicken Lolypop Biryani,3,1005.0
2026-05-08,CHILLI CHICKEN BL,2,556.0
2026-05-08,COOL DRINK 250 ML,19,380.0
2026-05-08,COOL DRINK 500 ML,4,160.0
2026-05-08,Curd,3,93.0
2026-05-08,Curd Rice,11,836.0
2026-05-08,Dragen Chicken (BL) 4,1,260.0
2026-05-08,EGG FRIED RICE,3,579.0
2026-05-08,Fish Appolo,2,692.0
2026-05-08,Garlic Non,3,210.0
2026-05-08,GOBI,65,170.0
2026-05-08,Kadai Chicken BL,3,921.0
2026-05-08,MASALA KULCHA,2,140.0
2026-05-08,METHI CHAMAN,3,720.0
2026-05-08,MIWATER .50Oml,15,150.0
2026-05-08,MI.WATER LT,57,1140.0
2026-05-08,Mix Veg Curry,2,380.0
2026-05-08,Murgi Masala B,2,632.0
2026-05-08,Mushroom Curry,3,630.0
2026-05-08,Mutton Curry (L),2,880.0
2026-05-08,Paneer Butter Masala,2,440.0
2026-05-08,PLAIN RICE,10,480.0
2026-05-08,PRAWNS BIRYANI,5,1535.0
2026-05-08,Roti,33,990.0
2026-05-08,Soda 750ml,6,108.0
2026-05-08,SP CHICKEN BIRYANI,38,10146.0
2026-05-08,SP CHICKEN FRIED RICE,2,556.0
2026-05-08,Spl Fish Biryani,2,680.0
2026-05-08,SPL VEG FRIED RICE,4,880.0
2026-05-08,Star Chicken (B),2,620.0
2026-05-08,TANDOORI CHICKEN FULL,2,980.0
2026-05-08,TANDOORI CHICKEN HALF,2,610.0
2026-05-08,TANDOORI KABAB Full,3,1035.0
2026-05-08,VEG BIRYANI,3,516.0
2026-05-08,VEG FRIED RICE,3,492.0
2026-05-08,Veg Hot N Sour Soup,2,260.0
2026-05-08,Veg Machuria,5,850.0
2026-04-09,ADITYA SPL BIRYANI,1,353.0
2026-04-09,AMERICAN NUTS Ice Cream,2,300.0
2026-04-09,Baby Corn 65,1,200.0
2026-04-09,Belgom Chocolate Ice Cream,1,130.0
2026-04-09,BOILED EGG,3,105.0
2026-04-09,Butter Chicken BL,3,921.0
2026-04-09,BUTTER MILK,6,270.0
2026-04-09,Butter Non,33,1650.0
2026-04-09,Butter Roti,7,245.0
2026-04-09,BUTTERSCOTCH Ice Cream,1,120.0
2026-04-09,Cashewnut Panner Biryani,2,500.0
2026-04-09,CB FAMILY PACK,1,575.0
2026-04-09,CDB FAMILLY PACK,2,1110.0
2026-04-09,chi lolypop 6 pic,7,2275.0
2026-04-09,Chi Lolypop Bir (F) Pack,1,660.0
2026-04-09,CHICKEN 65 BL,3,834.0
2026-04-09,Chicken Curry (B),2,500.0
2026-04-09,Chicken Curry BL,1,288.0
2026-04-09,CHICKEN DUM BIRYANI,11,2838.0
2026-04-09,Chicken Egg Drop BL,2,650.0
2026-04-09,CHICKEN FRIED RICE,2,478.0
2026-04-09,CHICKEN FRY PIECE BIRYANI,13,3354.0
2026-04-09,Chicken Hot N Sour,3,450.0
2026-04-09,Chicken LolyPop 3pc,6,1200.0
2026-04-09,Chicken Lolypop Biryani,6,2010.0
2026-04-09,CHILLI CHICKEN BL,3,834.0
2026-04-09,Chilli Gobi,2,340.0
2026-04-09,Chota Cb Biryani,2,340.0
2026-04-09,Chota Sp biryani,5,850.0
2026-04-09,COOL DRINK 250 ML,32,640.0
2026-04-09,Curd,2,62.0
2026-04-09,Curd Rice,15,1140.0
2026-04-09,EGG FRIED RICE,3,579.0
2026-04-09,FISH ROAST LARGE,2,600.0
2026-04-09,Kadai Chicken BL,2,614.0
2026-04-09,LASSI SWEET,2,130.0
2026-04-09,MI.WATER .500ml,37,370.0
2026-04-09,MIWATER LT,72,1440.0
2026-04-09,Mix Veg Curry,2,380.0
2026-04-09,Murgi Masala B,4,1264.0
2026-04-09,Mutton Curry (L),2,880.0
2026-04-09,mutton curry (s),2,700.0
2026-04-09,MUTTON FRY PIECE BIRYANI,5,1910.0
2026-04-09,Omlett,2,180.0
2026-04-09,Paneer Butter Masala,8,1760.0
2026-04-09,PANNER Biryani,2,458.0
2026-04-09,PLAIN RICE,4,192.0
2026-04-09,PRAWNS BIRYANI,4,1228.0
2026-04-09,Prwans Fry,3,1008.0
2026-04-09,R R Chicken BL,2,650.0
2026-04-09,Roti,33,990.0
2026-04-09,Soda .750ml,3,54.0
2026-04-09,SP CHICKEN BIRYANI,23,6141.0
2026-04-09,SP CHICKEN FRIED RICE,3,834.0
2026-04-09,SP FAMILY PACK,2,1140.0
2026-04-09,Spl Koramenu Pulusu,2,670.0
2026-04-09,SPL VEG FRIED RICE,2,440.0
2026-04-09,STRAWBERRY Ice Cream,2,220.0
2026-04-09,TANDOORI CHICKEN FULL,3,1470.0
2026-04-09,TANDOORI KABAB Full,3,1035.0
2026-04-09,Tomato Curry,2,340.0
2026-04-09,Vannila Ice Cream,2,198.0
2026-04-09,VEG BIRYANI,3,516.0
2026-04-09,VEG FRIED RICE,2,328.0
2026-04-09,Veg Salad,5,300.0
2026-04-09,ZEERA RICE,3,489.0
2026-05-09,ADITYA SPL BIRYANI,1,353.0
2026-05-09,Andhra Chicken BL,3,948.0
2026-05-09,ANDHRA CHICKEN (B),1,290.0
2026-05-09,Baby Corn Manchuria,2,400.0
2026-05-09,BIRYANI RICE,2,324.0
2026-05-09,BLACK CURRENT Ice Cream,1,130.0
2026-05-09,BUTTER MILK,4,180.0
2026-05-09,Butter Non,39,1950.0
2026-05-09,Butter Roti,1,35.0
2026-05-09,CARAMILNUTS Ice Cream,8,1040.0
2026-05-09,Cashewnut Bir (F)Pack,1,480.0
2026-05-09,Cashewnut Biryani,1,229.0
2026-05-09,Cashewnut Curry,5,1200.0
2026-05-09,Cashewnut Panner Biryani,5,1250.0
2026-05-09,Cashewnut Panner Curry,1,250.0
2026-05-09,Cashewnut Tomato,2,480.0
2026-05-09,CB FAMILY PACK,1,575.0
2026-05-09,CDB FAMILLY PACK,1,555.0
2026-05-09,chi lolypop 6 pic,1,325.0
2026-05-09,CHICKEN 65 BL,4,1112.0
2026-05-09,Chicken Curry (B),2,500.0
2026-05-09,CHICKEN DUM BIRYANI,7,1806.0
2026-05-09,CHICKEN FRY PIECE BIRYANI,7,1806.0
2026-05-09,Chicken LolyPop 3pc,2,400.0
2026-05-09,CHILLI CHICKEN BL,4,1112.0
2026-05-09,Chota Cb Biryani,2,340.0
2026-05-09,Chota CDB Biryani,2,340.0
2026-05-09,Chota Sp biryani,3,510.0
2026-05-09,COOL DRINK 250 ML,26,520.0
2026-05-09,Curd,4,124.0
2026-05-09,Curd Rice,14,1064.0
2026-05-09,Gobi Munchuria,3,510.0
2026-05-09,Kadai Chicken BL 4,1,228.0
2026-05-09,Kadai Paneer,3,690.0
2026-05-09,LASSI SWEET,14,910.0
2026-05-09,METHI CHAMAN,7,1680.0
2026-05-09,MI.WATER .500ml,18,180.0
2026-05-09,MI.WATER LT,46,920.0
2026-05-09,Mushroom Curry,2,420.0
2026-05-09,Mushuroom Biryani,4,916.0
2026-05-09,MUTTON,85,405.0
2026-05-09,MUTTON FRY PIECE BIRYANI,3,1146.0
2026-05-09,Mutton Soup,3,585.0
2026-05-09,Paneer 65,2,420.0
2026-05-09,Paneer Butter Masala,7,1540.0
2026-05-09,PLAIN RICE,5,240.0
2026-05-09,PRAWNS BIRYANI,2,614.0
2026-05-09,Prwans Fry,2,672.0
2026-05-09,Roti,57,1710.0
2026-05-09,SP CHICKEN BIRYANI,20,5340.0
2026-05-09,SPL VEG FRIED RICE,3,660.0
2026-05-09,TANDOORI CHICKEN HALF,3,915.0
2026-05-09,To Day Spl Chicken Biryani,2,760.0
2026-05-09,Vannila Ice Cream,2,198.0
2026-05-09,VEG BIRYANI,2,344.0
2026-05-09,VEG FRIED RICE,2,328.0
2026-05-09,ZEERA RICE,2,326.0
2026-04-10,1 BY 2 Curd rice,1,80.0
2026-04-10,AMERICAN NUTS Ice Cream,2,300.0
2026-04-10,Andhra Chicken BL,2,632.0
2026-04-10,ANDHRA CHICKEN (B),4,1160.0
2026-04-10,Baby Corn 65,1,200.0
2026-04-10,BELGIUM CHOCO Milk Shake,1,140.0
2026-04-10,Belgom Chocolate Ice Cream,1,130.0
2026-04-10,BIRYANI RICE,1,162.0
2026-04-10,BOILED EGG,3,105.0
2026-04-10,Butter Chicken BL,1,307.0
2026-04-10,BUTTER MILK,6,270.0
2026-04-10,Butter Non,48,2400.0
2026-04-10,BUTTERSCOTCH Ice Cream,2,240.0
2026-04-10,Cashewnut Biryani,1,229.0
2026-04-10,Cashewnut Curry,1,240.0
2026-04-10,Cashewnut Panner Biryani,1,250.0
2026-04-10,CB FAMILY PACK,1,575.0
2026-04-10,Chi Loly Pop (B),1,325.0
2026-04-10,chi lolypop 6 pic,7,2275.0
2026-04-10,CHICKEN 65 BL,5,1390.0
2026-04-10,Chicken Curry (B),2,500.0
2026-04-10,CHICKEN DUM BIRYANI,11,2838.0
2026-04-10,CHICKEN FRIED RICE,2,478.0
2026-04-10,CHICKEN FRY PIECE BIRYANI,17,4386.0
2026-04-10,Chicken Loly Pop 6 pes,2,650.0
2026-04-10,Chicken LolyPop 3pc,3,600.0
2026-04-10,Chicken Lolypop Biryani,2,670.0
2026-04-10,CHILLI CHICKEN BL,3,834.0
2026-04-10,Chota Cb Biryani,3,510.0
2026-04-10,COOL DRINK 250 ML,18,360.0
2026-04-10,Curd Rice,16,1216.0
2026-04-10,Egg,65,180.0
2026-04-10,Egg Burzi,2,260.0
2026-04-10,EGG Curry,2,340.0
2026-04-10,EGG MASALA,2,340.0
2026-04-10,Fish Curry Small,2,460.0
2026-04-10,Garlic Non,4,280.0
2026-04-10,GOBI 65,2,340.0
2026-04-10,Kadai Chicken BL,4,1228.0
2026-04-10,LASSI SWEET,4,260.0
2026-04-10,METHI CHAMAN,4,960.0
2026-04-10,MIWATER .50Oml,39,390.0
2026-04-10,MI.WATER LT,64,1280.0
2026-04-10,Mushroom Curry,2,420.0
2026-04-10,MUTTON FRY PIECE BIRYANI,2,764.0
2026-04-10,Palak Paneer,2,420.0
2026-04-10,Paneer Butter Masala,5,1100.0
2026-04-10,PLAIN NON,2,80.0
2026-04-10,PLAIN RICE,7,336.0
2026-04-10,PRAWNS BIRYANI 4,1,228.0
2026-04-10,Prawns Curry,2,654.0
2026-04-10,R R Chicken BL,3,975.0
2026-04-10,Roti,16,480.0
2026-04-10,Soda .750ml,2,36.0
2026-04-10,SP CHICKEN BIRYANI,36,9612.0
2026-04-10,SP CHICKEN FRIED RICE,2,556.0
2026-04-10,SP FAMILY PACK,5,2850.0
2026-04-10,TANDOORI CHICKEN HALF,5,1525.0
2026-04-10,TANDOORI KABAB HALF,2,460.0
2026-05-10,AMERICAN NUTS Ice Cream,1,150.0
2026-05-10,Andhra Chicken BL,1,316.0
2026-05-10,ANDHRA CHICKEN (B),1,290.0
2026-05-10,ANJEERBADAM Ice Cream,2,300.0
2026-05-10,BIRYANI RICE,3,486.0
2026-05-10,BLACK CURRENT Ice Cream,6,780.0
2026-05-10,BOILED EGG,5,175.0
2026-05-10,Butter Chicken BL,4,1228.0
2026-05-10,BUTTER MILK,3,135.0
2026-05-10,Butter Non,42,2100.0
2026-05-10,BUTTERSCOTCH Ice Cream,2,240.0
2026-05-10,CARAMILNUTS Ice Cream,2,260.0
2026-05-10,Cashew Panner Fried Rice (F) Pack,1,480.0
2026-05-10,Cashewnut Biryani,1,229.0
2026-05-10,Cashewnut Chicken BL,1,326.0
2026-05-10,Cashewnut Curry,5,1200.0
2026-05-10,Cashewnut Masala Curry,1,240.0
2026-05-10,Cashewnut Panner(F) Rice,1,250.0
2026-05-10,Cashewnut Tomato,2,480.0
2026-05-10,CDB FAMILLY PACK,3,1665.0
2026-05-10,chi lolypop 6 pic,17,5525.0
2026-05-10,CHICKEN 555 BL,2,670.0
2026-05-10,CHICKEN 65 BL,6,1668.0
2026-05-10,Chicken Curry (B),2,500.0
2026-05-10,CHICKEN DUM BIRYANI,18,4644.0
2026-05-10,CHICKEN FRIED RICE,2,478.0
2026-05-10,Chicken Fry BL,1,278.0
2026-05-10,CHICKEN FRY PIECE BIRYANI,29,7482.0
2026-05-10,Chicken Loly Pop 6 pes,7,2275.0
2026-05-10,Chicken LolyPop 3pc,5,1000.0
2026-05-10,Chicken Mejistick,2,630.0
2026-05-10,CHILLI CHICKEN BL,5,1390.0
2026-05-10,Chilli Mushuroom,2,400.0
2026-05-10,Chota Cb Biryani,2,340.0
2026-05-10,Chota Sp biryani,5,850.0
2026-05-10,COOL DRINK 250 ML,46,920.0
2026-05-10,Curd,11,341.0
2026-05-10,Curd Rice,10,760.0
2026-05-10,EGG BIRYANI,2,384.0
2026-05-10,Egg Burzi,2,260.0
2026-05-10,EGG FRIED RICE,3,579.0
2026-05-10,Fish Appolo,6,2076.0
2026-05-10,FISH CURRY LARGE,3,900.0
2026-05-10,Fish Curry Small,2,460.0
2026-05-10,Garlic Non,12,840.0
2026-05-10,METHI CHAMAN 5,1,200.0
2026-05-10,MI.WATER .500ml,10,100.0
2026-05-10,MI.WATER LT,66,1320.0
2026-05-10,Mix Veg Curry,2,380.0
2026-05-10,Mogalai Biryani,2,632.0
2026-05-10,Murgi Masala B,2,632.0
2026-05-10,Mushuroom Biryani,2,458.0
2026-05-10,Mushuroom Fried Rice,3,660.0
2026-05-10,MUTTON,85,405.0
2026-05-10,Mutton Curry (L),2,880.0
2026-05-10,mutton curry (s),2,700.0
2026-05-10,MUTTON FRY PIECE BIRYANI,11,4202.0
2026-05-10,Paneer,65,210.0
2026-05-10,Paneer Butter Masala,11,2420.0
2026-05-10,PANNER Biryani,5,1145.0
2026-05-10,Panner mejestick,1,230.0
2026-05-10,PLAIN RICE,14,672.0
2026-05-10,Prawns Curry,2,654.0
2026-05-10,PULKA,3,36.0
2026-05-10,R R Chicken BL,4,1300.0
2026-05-10,R R Prawns,3,1038.0
2026-05-10,Roti,69,2070.0
2026-05-10,SP CHICKEN BIRYANI,46,12282.0
2026-05-10,SP CHICKEN FRIED RICE,5,1390.0
2026-05-10,SP FAMILY PACK,5,2850.0
2026-05-10,Spl Curd Rice,3,258.0
2026-05-10,STAR CHICKEN BL,2,670.0
2026-05-10,TANDOORI CHICKEN FULL,2,980.0
2026-05-10,To Day Spl Chicken Biryani,2,760.0
2026-05-10,Vannila Ice Cream,1,99.0
2026-05-10,VEG BIRYANI,5,860.0
2026-05-10,Veg Manchow Soup,4,540.0
2026-04-11,1 BY 2 Curd rice,1,80.0
2026-04-11,ADITYA SPL BIRYANI,1,353.0
2026-04-11,Andhra Chicken BL,2,632.0
2026-04-11,ANDHRA CHICKEN (B),1,290.0
2026-04-11,Baby Corn Manchuria,1,200.0
2026-04-11,BLACK CURRENT Ice Cream,1,130.0
2026-04-11,BOILED EGG,1,35.0
2026-04-11,BUTTER MLK,6,270.0
2026-04-11,Butter Non,31,1550.0
2026-04-11,BUTTERSCOTCH Ice Cream,8,960.0
2026-04-11,Cashewnut Biryani,1,229.0
2026-04-11,Cashewnut Curry,2,480.0
2026-04-11,Cashewnut Panner Biryani,1,250.0
2026-04-11,Cashewnut Panner Curry,2,500.0
2026-04-11,CB FAMILY PACK,1,575.0
2026-04-11,chi lolypop 6 pic,3,975.0
2026-04-11,chi mejistic,1,315.0
2026-04-11,CHICKEN 555 BL,1,335.0
2026-04-11,CHICKEN 65 BL,3,834.0
2026-04-11,CHICKEN DUM BIRYANI,13,3354.0
2026-04-11,CHICKEN FRY PIECE BIRYANI,13,3354.0
2026-04-11,Chicken Loly Pop 6 pes,3,975.0
2026-04-11,Chicken LolyPop 3pc,2,400.0
2026-04-11,Chicken Lolypop Biryani,3,1005.0
2026-04-11,CHILLI CHICKEN BL,3,834.0
2026-04-11,Chilli Mushuroom,2,400.0
2026-04-11,COOL DRINK 250 ML,23,460.0
2026-04-11,Curd,8,248.0
2026-04-11,Curd Rice,11,836.0
2026-04-11,GOBI,65,170.0
2026-04-11,Kadai Chicken BL,2,614.0
2026-04-11,Kadai Mushroom,2,420.0
2026-04-11,Kadai Paneer,2,460.0
2026-04-11,MIWATER .500ml,26,260.0
2026-04-11,MI.WATER LT,35,700.0
2026-04-11,Mixed Veg Biryani,2,400.0
2026-04-11,Mushroom Curry,2,420.0
2026-04-11,Mushuroom Biryani,5,1145.0
2026-04-11,MUTTON FRY PIECE BIRYANI,10,3820.0
2026-04-11,Palak Paneer,3,630.0
2026-04-11,Paneer,65,210.0
2026-04-11,Paneer Butter Masala,5,1100.0
2026-04-11,PANNER Biryani,2,458.0
2026-04-11,PLAIN RICE,7,336.0
2026-04-11,Prawns Curry,2,654.0
2026-04-11,PULKA,45,540.0
2026-04-11,R R Chicken BL,2,650.0
2026-04-11,Roti,25,750.0
2026-04-11,SP CHICKEN BIRYANI,16,4272.0
2026-04-11,SP CHICKEN FRIED RICE,3,834.0
2026-04-11,SPL VEG FRIED RICE,3,660.0
2026-04-11,TANDOORI CHICKEN HALF,3,915.0
2026-04-11,Vannila Ice Cream,2,198.0
2026-04-11,VEG FRIED RICE,2,328.0
2026-04-11,Veg Hot N Sour Soup,2,260.0
2026-05-11,AMERICAN NUTS Ice Cream,3,450.0
2026-05-11,Andhra Chicken BL,2,632.0
2026-05-11,Belgom Chocolate Ice Cream,4,520.0
2026-05-11,BIRYANI RICE,2,324.0
2026-05-11,BLACK CURRENT Milk Shake,1,150.0
2026-05-11,Bulter Chicken BL,1,307.0
2026-05-11,Bulter Non,43,2150.0
2026-05-11,Butter Roti,3,105.0
2026-05-11,BUTTERSCOTCH Ice Cream,2,240.0
2026-05-11,Cashewnut Curry,3,720.0
2026-05-11,Cashewnut Panner Biryani,1,250.0
2026-05-11,Cashewnut Panner Curry,4,1000.0
2026-05-11,Cashewnut Tomato,1,240.0
2026-05-11,cashw nut fried rice,1,220.0
2026-05-11,CDB FAMILLY PACK,1,555.0
2026-05-11,chi lolypop pic,4,1300.0
2026-05-11,CHICKEN 555 BL,1,335.0
2026-05-11,CHICKEN 65 BL,6,1668.0
2026-05-11,Chicken Curry (B),4,1000.0
2026-05-11,CHICKEN DUM BIRYANI,19,4902.0
2026-05-11,CHICKEN FRIED RICE,3,717.0
2026-05-11,CHICKEN FRY PIECE BIRYANI,12,3096.0
2026-05-11,Chicken Loly Pop 6 pes,7,2275.0
2026-05-11,Chicken LolyPop 3pc,2,400.0
2026-05-11,Chicken Manchuria BL,2,556.0
2026-05-11,Chilli Egg,3,540.0
2026-05-11,Chota Sp biryani,3,510.0
2026-05-11,COOL DRINK 250 ML,25,500.0
2026-05-11,Crispy Corn,2,320.0
2026-05-11,Curd,3,93.0
2026-05-11,Curd Rice,25,1900.0
2026-05-11,Dragen Chicken (BL),3,945.0
2026-05-11,EGG FRIED RICE,8,1544.0
2026-05-11,GOBI,65,170.0
2026-05-11,Kadai Chicken BL,2,614.0
2026-05-11,Kadai Mushroom,3,630.0
2026-05-11,METHI CHAMAN,3,720.0
2026-05-11,MI.WATER .500ml,36,360.0
2026-05-11,MI.WATER LT,68,1360.0
2026-05-11,Mushuroom Biryani,2,458.0
2026-05-11,MUTTON FRY PIECE BIRYANI,5,1910.0
2026-05-11,Paneer Butter Masala,6,1320.0
2026-05-11,PANNER Biryani,2,458.0
2026-05-11,PLAIN NON,2,80.0
2026-05-11,PLAIN RICE,12,576.0
2026-05-11,PRAWNS BIRYANI,2,614.0
2026-05-11,Roti,33,990.0
2026-05-11,SP CHICKEN BIRYANI,27,7209.0
2026-05-11,TANDOORI CHICKEN FULL,3,1470.0
2026-05-11,TANDOORI CHICKEN HALF,3,915.0
2026-05-11,Vannila Ice Cream,2,198.0
2026-05-11,VEG BIRYANI,2,344.0
2026-05-11,ZEERA RICE,2,326.0
2026-04-12,1 BY 2 Curd rice,2,160.0
2026-04-12,Andhra Chicken BL,1,316.0
2026-04-12,ANJEERBADAM Ice Cream,1,150.0
2026-04-12,Baby Corn 65,1,200.0
2026-04-12,BIRYANI RICE,3,486.0
2026-04-12,BLACK CURRENT Ice Cream,1,130.0
2026-04-12,BOILED EGG,5,175.0
2026-04-12,Butter Chicken BL,1,307.0
2026-04-12,BUTTER MILK,2,90.0
2026-04-12,Butter Non,15,750.0
2026-04-12,Butter Roti,10,350.0
2026-04-12,BUTTERSCOTCH Ice Cream,1,120.0
2026-04-12,Cashewnut Bir (F)Pack,1,480.0
2026-04-12,Cashewnut Biryani,3,687.0
2026-04-12,Cashewnut Curry,6,1440.0
2026-04-12,Cashewnut Tomato,2,480.0
2026-04-12,cashw nut fried rice,1,220.0
2026-04-12,CDB FAMILLY PACK,1,555.0
2026-04-12,chi lolypop 6 pic,11,3575.0
2026-04-12,CHICKEN 555 BL,3,1005.0
2026-04-12,CHICKEN 65 BL,5,1390.0
2026-04-12,Chicken 85 BL,2,650.0
2026-04-12,Chicken Curry (B),2,500.0
2026-04-12,Chicken Curry BL,2,576.0
2026-04-12,CHICKEN DUM BIRYANI,20,5160.0
2026-04-12,Chicken Fry BL,2,556.0
2026-04-12,CHICKEN FRY PIECE BIRYANI,19,4902.0
2026-04-12,Chicken LolyPop 3pc,7,1400.0
2026-04-12,Chicken Lolypop Biryani,3,1005.0
2026-04-12,Chicken Manchuria BL,2,556.0
2026-04-12,CHILLI CHICKEN BL,5,1390.0
2026-04-12,Chilli Prawns,2,692.0
2026-04-12,Chota Cb Biryani,3,510.0
2026-04-12,COOL DRINK 250 ML,38,760.0
2026-04-12,Curd Rice,16,1216.0
2026-04-12,EGG BIRYANI,2,384.0
2026-04-12,Fish Appolo,2,692.0
2026-04-12,MI.WATER .500ml,14,140.0
2026-04-12,MI.WATER LT,58,1160.0
2026-04-12,Mushuroom Biryani,14,3206.0
2026-04-12,Mutton Curry (L),2,880.0
2026-04-12,MUTTON FRY PIECE BIRYANI,10,3820.0
2026-04-12,Paneer,65,210.0
2026-04-12,PANNER Biryani,2,458.0
2026-04-12,PLAIN RICE,15,720.0
2026-04-12,PRAWNS BIRYANI,6,1842.0
2026-04-12,Prawns Curry,3,981.0
2026-04-12,PULKA,29,348.0
2026-04-12,R R Chicken BL,5,1625.0
2026-04-12,Roti,14,420.0
2026-04-12,Soda 750ml,2,36.0
2026-04-12,SP CHICKEN BIRYANI,41,10947.0
2026-04-12,SP CHICKEN FRIED RICE,4,1112.0
2026-04-12,SP FAMILY PACK,9,5130.0
2026-04-12,Spl Fish Curry,3,1050.0
2026-04-12,Tandoori Chicken Biryani,2,670.0
2026-04-12,TANDOORI CHICKEN HALF,3,915.0
2026-04-12,TANDOORI KABAB HALF,2,460.0
2026-04-12,Vannila Ice Cream,5,495.0
2026-04-12,VEG BIRYANI,5,860.0
2026-04-12,VEG FRIED RICE,5,820.0
2026-05-12,ADITYA SPL BIRYANI,1,353.0
2026-05-12,AMERICAN NUTS Ice Cream,1,150.0
2026-05-12,Andhra Chicken BL,1,316.0
2026-05-12,ANDHRA CHICKEN (B),1,290.0
2026-05-12,Belgom Chocolate Ice Cream,1,130.0
2026-05-12,BLACK CURRENT Ice Cream,1,130.0
2026-05-12,BOILED EGG,2,70.0
2026-05-12,Butter Chicken BL,1,307.0
2026-05-12,Bulter Non,26,1300.0
2026-05-12,BUTTERSCOTCH Ice Cream,3,360.0
2026-05-12,Cashewnut Biryani,2,458.0
2026-05-12,Cashewnut Curry,7,240.0
2026-05-12,Cashewnut Panner Curry,1,250.0
2026-05-12,Cashewnul Panner(F) Rice,1,250.0
2026-05-12,CB FAMILY PACK,1,575.0
2026-05-12,CDB FAMILLY PACK,2,1110.0
2026-05-12,CHICKEN 65 BL,3,834.0
2026-05-12,Chicken Curry (B),3,750.0
2026-05-12,Chicken Curry BL,2,576.0
2026-05-12,CHICKEN DUM BIRYANI,18,4644.0
2026-05-12,Chicken Fry BL,3,834.0
2026-05-12,CHICKEN FRY PIECE BIRYANI,4,1032.0
2026-05-12,Chicken Hot N Sour,2,300.0
2026-05-12,Chicken Loly Pop 6 pes,7,2275.0
2026-05-12,Chicken LolyPop 3pc,3,600.0
2026-05-12,Chicken Lolypop Biryani,2,670.0
2026-05-12,CHILLI CHICKEN BL,3,834.0
2026-05-12,Chota Cb Biryani,2,340.0
2026-05-12,COOL DRINK 250 ML,39,780.0
2026-05-12,Curd,28,868.0
2026-05-12,Curd Rice,5,380.0
2026-05-12,Dragen Chicken (BL),3,945.0
2026-05-12,EGG FRIED RICE,3,566.0
2026-05-12,FISH CURRY LARGE,5,1500.0
2026-05-12,Fish Curry Small,3,690.0
2026-05-12,Garlic Non,3,210.0
2026-05-12,Gobi Munchuria,2,340.0
2026-05-12,Kadai Chicken BL,2,614.0
2026-05-12,Kadai Paneer,2,460.0
2026-05-12,LASSI SWEET,3,195.0
2026-05-12,METHI CHAMAN,4,960.0
2026-05-12,MIWATER .50Oml,49,490.0
2026-05-12,MI.WATER LT,54,1080.0
2026-05-12,Murgi Masala B,4,1264.0
2026-05-12,Mutton Curry (L),4,1760.0
2026-05-12,MUTTON FRY PIECE BIRYANI,6,2292.0
2026-05-12,PANNER Biryani,2,458.0
2026-05-12,PLAIN RICE,53,2544.0
2026-05-12,PRAWNS BIRYANI,3,921.0
2026-05-12,Prawns Curry,3,981.0
2026-05-12,R R Chicken BL,2,650.0
2026-05-12,Roti,16,480.0
2026-05-12,Soda .750ml,4,72.0
2026-05-12,SP CHICKEN BIRYANI,33,8811.0
2026-05-12,SP CHICKEN FRIED RICE,3,834.0
2026-05-12,STRAWBERRY Ice Cream,2,220.0
2026-05-12,TANDOORI CHICKEN HALF,3,915.0
2026-05-12,Tomato Curry,2,340.0
2026-05-12,Vannila Ice Cream,3,297.0
2026-05-12,VEG BIRYANI,3,516.0
2026-05-12,VEG FRIED RICE,2,328.0
2026-04-13,ADITYA SPL BIRYANI,1,353.0
2026-04-13,Andhra Chicken BL,3,948.0
2026-04-13,ANDHRA CHICKEN (B),1,290.0
2026-04-13,ANJEERBADAM Ice Cream,1,150.0
2026-04-13,Belgom Chocolate Ice Cream,2,260.0
2026-04-13,BLACK CURRENT Ice Cream,1,130.0
2026-04-13,Butter Chicken BL,2,614.0
2026-04-13,BUTTER MILK,2,90.0
2026-04-13,Butter Non,38,1900.0
2026-04-13,BUTTERSCOTCH Ice Cream,5,600.0
2026-04-13,CARAMILNUTS Ice Cream,1,130.0
2026-04-13,Cashewnut Biryani,1,229.0
2026-04-13,Cashewnut Curry,1,240.0
2026-04-13,chi lolypop 6 pic,7,2275.0
2026-04-13,CHICKEN 65 BL,4,1112.0
2026-04-13,Chicken Curry (B),2,500.0
2026-04-13,CHICKEN DUM BIRYANI,13,3354.0
2026-04-13,CHICKEN FRY PIECE BIRYANI,4,1032.0
2026-04-13,Chicken LolyPop 3pc,3,600.0
2026-04-13,Chicken Lolypop Biryani,3,1005.0
2026-04-13,CHILLI CHICKEN BL,4,1112.0
2026-04-13,COOL DRINK 250 ML,29,580.0
2026-04-13,Curd,11,341.0
2026-04-13,Curd Rice,23,1748.0
2026-04-13,EGG BIRYANI,2,384.0
2026-04-13,Fish Curry Small,2,460.0
2026-04-13,LASSI SWEET,2,130.0
2026-04-13,METHI CHAMAN,4,960.0
2026-04-13,MIWATER .500ml,23,230.0
2026-04-13,MI.WATER LT,66,1320.0
2026-04-13,Murgi Masala B,2,632.0
2026-04-13,Mushroom Curry,4,840.0
2026-04-13,Mutton Curry (L),2,880.0
2026-04-13,Paneer,65,210.0
2026-04-13,Paneer Butter Masala,3,660.0
2026-04-13,PANNER Biryani,2,458.0
2026-04-13,PLAIN RICE,22,1056.0
2026-04-13,Prawns Curry,2,654.0
2026-04-13,Prwans Fry,2,672.0
2026-04-13,PULKA,10,120.0
2026-04-13,Roti,22,660.0
2026-04-13,SP CHICKEN BIRYANI,20,5340.0
2026-04-13,SP CHICKEN FRIED RICE,4,1112.0
2026-04-13,SP FAMILY PACK,4,2280.0
2026-04-13,Spl Fish Curry,3,1050.0
2026-04-13,Vannila Ice Cream,11,1089.0
2026-04-13,VEG BIRYANI,3,516.0
2026-05-13,AMERICAN NUTS Ice Cream,7,1050.0
2026-05-13,Andhra Chicken BL,1,316.0
2026-05-13,Baby Corn 65,2,400.0
2026-05-13,Belgom Chocolate Ice Cream,2,260.0
2026-05-13,BLACK CURRENT Ice Cream,2,260.0
2026-05-13,BOILED EGG,1,35.0
2026-05-13,Butter Chicken BL,1,307.0
2026-05-13,BUTTER MILK,2,90.0
2026-05-13,Bulter Non,37,1850.0
2026-05-13,Butter Roti,2,70.0
2026-05-13,Cashewnut Biryani,1,229.0
2026-05-13,Cashewnut Curry,4,960.0
2026-05-13,Cashewnut Panner Curry,1,250.0
2026-05-13,CDB FAMILLY PACK,2,1110.0
2026-05-13,Chi Loly Pop (B),1,325.0
2026-05-13,chi lolypop 6 pic,2,650.0
2026-05-13,CHICKEN 65 BL,4,1112.0
2026-05-13,Chicken Alfa BL,1,345.0
2026-05-13,Chicken Curry (B),4,1000.0
2026-05-13,CHICKEN DUM BIRYANI,17,4386.0
2026-05-13,Chicken Egg Drop BL,3,975.0
2026-05-13,Chicken Fry (B),2,520.0
2026-05-13,CHICKEN FRY PIECE BIRYANI,14,3612.0
2026-05-13,Chicken Loly Pop 6 pes,7,2275.0
2026-05-13,Chicken Lolypop Biryani,5,1675.0
2026-05-13,CHILLI CHICKEN BL,2,556.0
2026-05-13,Chota Cb Biryani,5,850.0
2026-05-13,Chota CDB Biryani,2,340.0
2026-05-13,Chota mutton Bir,1,280.0
2026-05-13,Chota Sp biryani,2,340.0
2026-05-13,COOL DRINK 250 ML,25,500.0
2026-05-13,Crispy Corn,2,320.0
2026-05-13,Curd,10,310.0
2026-05-13,Curd Rice,12,912.0
2026-05-13,Dragen Chicken (BL),2,630.0
2026-05-13,Garlic Non,6,420.0
2026-05-13,GOBI 65,3,510.0
2026-05-13,KADAI CHICKEN (B),2,560.0
2026-05-13,Kadai Chicken BL,2,614.0
2026-05-13,LASSI SWEET,4,260.0
2026-05-13,METHI CHAMAN,5,1200.0
2026-05-13,MI.WATER .500ml,42,420.0
2026-05-13,MIWATER LT,62,1240.0
2026-05-13,Mix Veg Curry,2,380.0
2026-05-13,MTB FAMILY PACK,2,1550.0
2026-05-13,MUTTON FRY PIECE BIRYANI,4,1528.0
2026-05-13,Palak Paneer,3,630.0
2026-05-13,Paneer,65,210.0
2026-05-13,Paneer Butter Masala,2,440.0
2026-05-13,Pista Ice Cream,2,240.0
2026-05-13,PLAIN RICE,18,864.0
2026-05-13,PRAWNS BIRYANI,2,614.0
2026-05-13,Prawns Curry,3,981.0
2026-05-13,PULKA,4,48.0
2026-05-13,R R Chicken BL,3,975.0
2026-05-13,Roti,56,1680.0
2026-05-13,Soda .750ml,4,72.0
2026-05-13,SP CHICKEN BIRYANI,36,9612.0
2026-05-13,SP CHICKEN FRIED RICE,2,556.0
2026-05-13,SP FAMILY PACK,8,4560.0
2026-05-13,SPL VEG FRIED RICE,3,660.0
2026-05-13,Tomato Curry,2,340.0
2026-05-13,VEG FRIED RICE,2,328.0
2026-04-14,ADITYA SPL BIRYANI,2,706.0
2026-04-14,Andhra Chicken BL,2,632.0
2026-04-14,BIRYANI RICE,7,162.0
2026-04-14,BOILED EGG,2,70.0
2026-04-14,Butter Chicken BL,3,921.0
2026-04-14,Butter Non,31,1550.0
2026-04-14,BUTTERSCOTCH Ice Cream,1,120.0
2026-04-14,Cashewnut Biryani,1,229.0
2026-04-14,Cashewnut Curry,2,480.0
2026-04-14,Cashewnut Panner Biryani,2,500.0
2026-04-14,Cashewnut Panner Curry,1,250.0
2026-04-14,CB FAMILY PACK,4,2300.0
2026-04-14,CHICKEN 65 BL,1,278.0
2026-04-14,Chicken Corn Soup,1,150.0
2026-04-14,CHICKEN DUM BIRYANI,12,3096.0
2026-04-14,CHICKEN FRIED RICE,1,239.0
2026-04-14,Chicken Fry BL,2,556.0
2026-04-14,CHICKEN FRY PIECE BIRYANI,6,1548.0
2026-04-14,Chicken Loly Pop 6 pes,7,2275.0
2026-04-14,Chicken LolyPop 3pc,3,600.0
2026-04-14,Chicken Lolypop Biryani,5,1675.0
2026-04-14,Chota Sp biryani,3,510.0
2026-04-14,COOL DRINK 250 ML,36,720.0
2026-04-14,Curd,6,186.0
2026-04-14,Curd Rice,11,836.0
2026-04-14,Fish Appolo,2,692.0
2026-04-14,FISH ROAST  Small,2,460.0
2026-04-14,LASSI SWEET,2,130.0
2026-04-14,METHI CHAMAN,5,1200.0
2026-04-14,MI.WATER .500ml,20,200.0
2026-04-14,MIWATER LT,47,940.0
2026-04-14,Murgi Masala B,3,948.0
2026-04-14,Openitem,2,683.0
2026-04-14,Paneer,65,210.0
2026-04-14,Paneer Butter Masala,2,440.0
2026-04-14,PANNER KULCHA,2,160.0
2026-04-14,PANNER TIKKA,2,520.0
2026-04-14,PLAIN RICE,12,576.0
2026-04-14,Prawns,85,346.0
2026-04-14,PRAWNS BIRYANI,3,921.0
2026-04-14,PULKA,33,396.0
2026-04-14,R R Chicken BL,4,1300.0
2026-04-14,Roti,23,690.0
2026-04-14,Soda 750ml,2,36.0
2026-04-14,SP CHICKEN BIRYANI,27,7209.0
2026-04-14,SP FAMILY PACK,2,1140.0
2026-04-14,Spl Fish Curry,4,1400.0
2026-04-14,TANDOORI CHICKEN HALF,3,915.0
2026-04-14,To Day Spl Chi (BL),3,1110.0
2026-04-14,Vannila Ice Cream,2,198.0
2026-04-14,VEG BIRYANI,2,344.0
2026-04-14,VEG FRIED RICE,4,642.0
2026-04-14,Veg Hot N Sour Soup,4,520.0
2026-04-14,Veg Manchow Soup,2,270.0
2026-04-14,ZEERA RICE,2,326.0
2026-05-14,Andhra Chicken BL,1,316.0
2026-05-14,ANDHRA CHICKEN (B),1,290.0
2026-05-14,ANJEERBADAM Ice Cream,1,150.0
2026-05-14,Baby Corn Pepper Salt,1,200.0
2026-05-14,Belgom Chocolate Ice Cream,5,650.0
2026-05-14,BIRYANI RICE,1,162.0
2026-05-14,Butter Chicken BL,1,307.0
2026-05-14,Butter Non,57,2850.0
2026-05-14,Butter Roti,8,280.0
2026-05-14,BUTTERSCOTCH Ice Cream,4,480.0
2026-05-14,Cashewnut Curry,4,960.0
2026-05-14,Cashewnut Panner Curry,2,500.0
2026-05-14,Cashewnut Tomato,1,240.0
2026-05-14,CB FAMILY PACK,2,1150.0
2026-05-14,chi lolypop 6 pic,5,1625.0
2026-05-14,CHICKEN 555 BL,1,335.0
2026-05-14,CHICKEN 65 BL,4,1112.0
2026-05-14,Chicken Curry (B),3,750.0
2026-05-14,CHICKEN DUM BIRYANI,20,5160.0
2026-05-14,CHICKEN FRY PIECE BIRYANI,7,1806.0
2026-05-14,Chicken Loly Pop 6 pes,3,975.0
2026-05-14,Chicken LolyPop 3pc,5,1000.0
2026-05-14,Chicken Lolypop Biryani,2,670.0
2026-05-14,CHILLI CHICKEN BL,2,556.0
2026-05-14,Chota Cb Biryani,3,510.0
2026-05-14,COOL DRINK 250 ML,46,920.0
2026-05-14,Crispy Corn,2,320.0
2026-05-14,Curd,5,155.0
2026-05-14,Curd Rice,7,532.0
2026-05-14,Dragen Chicken (BL),3,945.0
2026-05-14,KADAI CHICKEN (B),2,560.0
2026-05-14,Kadai Mushroom,2,420.0
2026-05-14,Loose Prawns,2,692.0
2026-05-14,METHI CHAMAN,4,960.0
2026-05-14,MIWATER .500ml,51,510.0
2026-05-14,MI.WATER LT,42,840.0
2026-05-14,Paneer Butter Masala,4,880.0
2026-05-14,Pista Ice Cream,5,600.0
2026-05-14,PLAIN RICE,10,480.0
2026-05-14,PULKA,3,36.0
2026-05-14,R R Chicken BL,4,1300.0
2026-05-14,Roti,21,630.0
2026-05-14,SP CHICKEN BIRYANI,29,7743.0
2026-05-14,SP CHICKEN FRIED RICE,3,834.0
2026-05-14,SP FAMILY PACK,3,1710.0
2026-05-14,STRAWBERRY Ice Cream,2,220.0
2026-05-14,TANDOORI KABAB Full,3,1035.0
2026-05-14,To Day Spl Chicken Biryani,2,760.0
2026-05-14,Vannila Ice Cream,3,297.0
2026-05-14,VEG BIRYANI,3,516.0
2026-04-15,1 BY 2 Curd rice,3,240.0
2026-04-15,ADITYA SPL BIRYANI,1,353.0
2026-04-15,Andhra Chicken BL,7,316.0
2026-04-15,ANDHRA CHICKEN (B),7,2030.0
2026-04-15,ANJEERBADAM Ice Cream,2,300.0
2026-04-15,Baby Corn Pepper Salt,1,200.0
2026-04-15,BELGIUM CHOCO Milk Shake,1,140.0
2026-04-15,Belgom Chocolate Ice Cream,5,650.0
2026-04-15,BIRYANI RICE,2,324.0
2026-04-15,Boild Veg,1,110.0
2026-04-15,BOILED EGG,6,210.0
2026-04-15,Butter Chicken BL,2,614.0
2026-04-15,Bulter Non,52,2600.0
2026-04-15,Cashewnut Biryani,2,458.0
2026-04-15,Cashewnut Curry,2,480.0
2026-04-15,Cashewnut Panner Curry,1,250.0
2026-04-15,Cashewnut Tomato,1,240.0
2026-04-15,CDB FAMILLY PACK,2,1110.0
2026-04-15,chi lolypop 6 pic,14,4550.0
2026-04-15,Chicken Curry (B),4,1000.0
2026-04-15,CHICKEN DUM BIRYANI,17,4386.0
2026-04-15,CHICKEN FRY PIECE BIRYANI,9,2322.0
2026-04-15,Chicken LolyPop 3pc,4,800.0
2026-04-15,Chota Cb Biryani,5,850.0
2026-04-15,Chota mutton Bir,4,1120.0
2026-04-15,Chota Sp biryani,2,340.0
2026-04-15,COOL DRINK 250 ML,29,580.0
2026-04-15,Curd,10,310.0
2026-04-15,Curd Rice,10,760.0
2026-04-15,EGG FRIED RICE,2,386.0
2026-04-15,Fish Curry Small,2,460.0
2026-04-15,FISH ROAST LARGE,2,600.0
2026-04-15,Kadai Chicken BL,3,921.0
2026-04-15,LASSI SWEET,5,325.0
2026-04-15,METHI CHAMAN,6,1440.0
2026-04-15,MIWATER .500ml,32,320.0
2026-04-15,MLWATER LT,62,1240.0
2026-04-15,Mixed Veg Biryani,2,400.0
2026-04-15,Mogalai Biryani,2,632.0
2026-04-15,Mushroom Curry,4,840.0
2026-04-15,Mushuroom Biryani,2,458.0
2026-04-15,Mutton Curry (L),2,880.0
2026-04-15,MUTTON FRY PIECE BIRYANI,6,2292.0
2026-04-15,Paneer,65,210.0
2026-04-15,Paneer Butter Masala,11,2420.0
2026-04-15,PLAIN NON,2,80.0
2026-04-15,PLAIN RICE,25,1200.0
2026-04-15,PRAWNS BIRYANI,5,1535.0
2026-04-15,PRAWNS FRIED RICE,2,540.0
2026-04-15,Prwans Fry,2,672.0
2026-04-15,PULKA,28,336.0
2026-04-15,Roti,29,870.0
2026-04-15,Soda .750ml,2,36.0
2026-04-15,SP CHICKEN BIRYANI,28,7476.0
2026-04-15,SP FAMILY PACK,8,4560.0
2026-04-15,Spl Curd Rice,3,258.0
2026-04-15,Spl Fish Curry,3,1050.0
2026-04-15,TANDOORI CHICKEN FULL,2,980.0
2026-04-15,Vannila Ice Cream,2,198.0
2026-04-15,VEG BIRYANI,2,344.0
2026-04-15,VEG FRIED RICE,2,328.0
2026-04-15,Veg SWEET CORN SOUP,2,260.0
2026-05-15,Andhra Chicken BL,1,316.0
2026-05-15,Baby Corn Manchuria,1,200.0
2026-05-15,Belgom Chocolate Ice Cream,2,260.0
2026-05-15,BIRYANI RICE,2,324.0
2026-05-15,BOILED EGG,4,140.0
2026-05-15,Butter Chicken BL,2,614.0
2026-05-15,BUTTER MILK,1,45.0
2026-05-15,Bulter Non,29,1450.0
2026-05-15,Butter Roti,8,280.0
2026-05-15,BUTTERSCOTCH Ice Cream,1,120.0
2026-05-15,CARAMELNUTS Milk Shake,1,140.0
2026-05-15,Cashewnut Biryani,2,458.0
2026-05-15,Cashewnut Chicken BL,1,326.0
2026-05-15,Cashewnut Curry,1,240.0
2026-05-15,Cashewnut Panner Curry,2,500.0
2026-05-15,CB FAMILY PACK,1,575.0
2026-05-15,CDB FAMILLY PACK,2,1110.0
2026-05-15,chi lolypop 6 pic,7,2275.0
2026-05-15,CHICKEN 555 BL,2,670.0
2026-05-15,Chicken Curry (B),3,750.0
2026-05-15,Chicken Curry BL,2,576.0
2026-05-15,CHICKEN DUM BIRYANI,20,5160.0
2026-05-15,CHICKEN FRY PIECE BIRYANI,13,3354.0
2026-05-15,Chicken Loly Pop 6 pes,6,1950.0
2026-05-15,CHILLI CHICKEN BL,4,1112.0
2026-05-15,CHOCOCHIPS Ice Cream,3,330.0
2026-05-15,Chota Cb Biryani,2,340.0
2026-05-15,COOL DRINK 250 ML,35,700.0
2026-05-15,Curd,3,93.0
2026-05-15,Curd Rice,16,1216.0
2026-05-15,EGG BIRYANI,2,384.0
2026-05-15,Egg Kheema Curry,2,380.0
2026-05-15,Fish Curry Small,2,460.0
2026-05-15,GOBI,65,170.0
2026-05-15,Kadai Chicken BL,2,614.0
2026-05-15,METHI CHAMAN,2,480.0
2026-05-15,MIWATER .50Oml,35,350.0
2026-05-15,MI.WATER LT,52,1040.0
2026-05-15,Mogalai Biryani,3,948.0
2026-05-15,Mutton Curry (L),2,880.0
2026-05-15,MUTTON FRY PIECE BIRYANI,2,764.0
2026-05-15,Paneer Butter Masala,6,1320.0
2026-05-15,PLAIN RICE,13,624.0
2026-05-15,PRAWNS BIRYANI,3,921.0
2026-05-15,R R Chicken BL,2,650.0
2026-05-15,Roti,23,690.0
2026-05-15,SP CHICKEN BIRYANI,28,7476.0
2026-05-15,SP CHICKEN FRIED RICE,2,556.0
2026-05-15,SP FAMILY PACK,6,3420.0
2026-05-15,Spl Cashewnut Fried Rice,3,690.0
2026-05-15,Spl Fish Curry,3,1050.0
2026-05-15,STRAWBERRY Ice Cream,2,220.0
2026-05-15,TANDOORI CHICKEN HALF,2,610.0
2026-05-15,Tomato Curry,2,340.0
2026-05-15,Vannila Ice Cream,4,396.0
2026-05-15,VEG BIRYANI,8,1376.0
2026-05-15,VEG FRIED RICE,3,492.0
2026-04-16,ADITYA SPL BIRYANI,1,353.0
2026-04-16,AMERICAN NUTS Ice Cream,1,150.0
2026-04-16,ANJEERBADAM Ice Cream,1,150.0
2026-04-16,Belgom Chocolate Ice Cream,6,780.0
2026-04-16,BLACK CURRENT Ice Cream,2,260.0
2026-04-16,BOILED EGG,1,35.0
2026-04-16,Bulter Chicken BL,2,614.0
2026-04-16,BUTTER MILK,2,90.0
2026-04-16,Butter Non,24,1200.0
2026-04-16,Butter Roti,4,140.0
2026-04-16,BUTTERSCOTCH Ice Cream,2,240.0
2026-04-16,Cashewnut Biryani,1,229.0
2026-04-16,CDB FAMILLY PACK,1,555.0
2026-04-16,chi lolypop 6 pic,7,2275.0
2026-04-16,CHICKEN 555 BL,1,335.0
2026-04-16,CHICKEN 65 BL,1,278.0
2026-04-16,CHICKEN DUM BIRYANI,11,2838.0
2026-04-16,Chicken Fry BL,2,556.0
2026-04-16,CHICKEN FRY PIECE BIRYANI,7,1806.0
2026-04-16,Chicken Hot N Sour,3,450.0
2026-04-16,Chicken Lolypop Biryani,3,1005.0
2026-04-16,CHILLI CHICKEN BL,3,834.0
2026-04-16,Chilli Paneer,2,420.0
2026-04-16,Chota Cb Biryani,2,340.0
2026-04-16,COOL DRINK 250 ML,17,340.0
2026-04-16,Crispy Corn,2,320.0
2026-04-16,Curd,3,93.0
2026-04-16,Curd Rice,13,988.0
2026-04-16,Egg Burzi,5,650.0
2026-04-16,Garlic Non,2,140.0
2026-04-16,GOBI,65,170.0
2026-04-16,METHI CHAMAN,4,960.0
2026-04-16,MI.WATER .500ml,23,230.0
2026-04-16,MIWATER LT,27,540.0
2026-04-16,Murgi Masala B,4,1264.0
2026-04-16,Mutton Soup,4,780.0
2026-04-16,Palak Paneer,5,1050.0
2026-04-16,Pista Ice Cream,2,240.0
2026-04-16,PLAIN RICE,9,432.0
2026-04-16,PULKA,58,696.0
2026-04-16,Roti,23,690.0
2026-04-16,SP CHICKEN BIRYANI,20,5340.0
2026-04-16,SP FAMILY PACK,2,1140.0
2026-04-16,Spl Fish Curry,3,1050.0
2026-04-16,VEG BIRYANI,2,344.0
2026-04-16,VEG FRIED RICE,2,328.0
2026-04-17,Andhra Chicken BL,1,316.0
2026-04-17,Baby Corn 65,1,200.0
2026-04-17,Belgom Chocolate Ice Cream,1,130.0
2026-04-17,BIRYANI RICE,2,324.0
2026-04-17,Boild Veg,1,110.0
2026-04-17,BOILED EGG,5,175.0
2026-04-17,Butter Non,18,900.0
2026-04-17,BUTTERSCOTCH Ice Cream,3,360.0
2026-04-17,Cashewnut Bir (F)Pack,1,480.0
2026-04-17,Cashewnut Biryani,2,458.0
2026-04-17,Cashewnut Curry,5,1200.0
2026-04-17,Cashewnut Fry,1,240.0
2026-04-17,Cashewnut Panner Biryani,1,250.0
2026-04-17,Cashewnut Panner Curry,1,250.0
2026-04-17,Cashewnut Tomato,1,240.0
2026-04-17,CDB FAMILLY PACK,2,1110.0
2026-04-17,Chi Loly Pop (B),1,325.0
2026-04-17,chi lolypop 6 pic,13,4225.0
2026-04-17,CHICKEN 65 BL,5,1390.0
2026-04-17,Chicken Curry (B),3,750.0
2026-04-17,Chicken Drums (B),2,690.0
2026-04-17,CHICKEN DUM BIRYANI,16,4128.0
2026-04-17,CHICKEN FRY PIECE BIRYANI,6,1548.0
2026-04-17,Chicken LolyPop 3pc,5,1000.0
2026-04-17,Chicken Lolypop Biryani,2,670.0
2026-04-17,CHILLI CHICKEN BL,2,556.0
2026-04-17,Chota Cb Biryani,3,510.0
2026-04-17,COOL DRINK 250 ML,41,820.0
2026-04-17,Curd,6,186.0
2026-04-17,Curd Rice,9,684.0
2026-04-17,EGG FRIED RICE,2,386.0
2026-04-17,Fish Appolo,2,692.0
2026-04-17,Fish Curry Small,2,460.0
2026-04-17,FISH ROAST LARGE,2,600.0
2026-04-17,GOBI 65,2,340.0
2026-04-17,Gobi Fried Rice,3,570.0
2026-04-17,Kadai Chicken BL,2,614.0
2026-04-17,Loose Prawns,3,1038.0
2026-04-17,MI.WATER .500ml,14,140.0
2026-04-17,MI.WATER LT,62,1240.0
2026-04-17,Murgi Masala B,2,632.0
2026-04-17,mutton curry (s),3,1050.0
2026-04-17,MUTTON FRY PIECE BIRYANI,5,1910.0
2026-04-17,Palak Paneer,2,420.0
2026-04-17,PANNER Biryani,4,916.0
2026-04-17,PLAIN RICE,10,480.0
2026-04-17,PULKA,29,348.0
2026-04-17,R R Chicken BL,2,650.0
2026-04-17,Roti,22,660.0
2026-04-17,Soda 750ml,4,72.0
2026-04-17,SP CHICKEN BIRYANI,18,4806.0
2026-04-17,SP CHICKEN FRIED RICE,2,556.0
2026-04-17,SP FAMILY PACK,2,1140.0
2026-04-17,VEG BIRYANI,3,516.0
2026-04-18,AMERICAN NUTS Ice Cream,1,150.0
2026-04-18,ANJEERBADAM Ice Cream,1,150.0
2026-04-18,Baby Corn 65,1,200.0
2026-04-18,Baby Corn Manchuria,1,200.0
2026-04-18,Belgom Chocolate Ice Cream,5,650.0
2026-04-18,BIRYANI RICE,2,324.0
2026-04-18,BLACK CURRENT Ice Cream,1,130.0
2026-04-18,BOILED EGG,4,140.0
2026-04-18,Butter Non,38,1900.0
2026-04-18,Butter Roti,1,35.0
2026-04-18,BUTTERSCOTCH Ice Cream,4,480.0
2026-04-18,Cashewnut Biryani,1,229.0
2026-04-18,Cashewnut Chicken BL,1,326.0
2026-04-18,Cashewnut Curry,6,1440.0
2026-04-18,Cashewnut Fry,1,240.0
2026-04-18,Cashewnut Panner Curry,2,500.0
2026-04-18,Cashewnut Tomato,1,240.0
2026-04-18,cashw nut fried rice,2,440.0
2026-04-18,chi lolypop 6 pic,6,1950.0
2026-04-18,CHICKEN DUM BIRYANI,10,2580.0
2026-04-18,CHICKEN FRY PIECE BIRYANI,7,1806.0
2026-04-18,Chicken LolyPop 3pc,2,400.0
2026-04-18,Chicken Lolypop Biryani,4,1340.0
2026-04-18,CHILLI CHICKEN BL,4,1112.0
2026-04-18,Chilli Mushuroom,2,400.0
2026-04-18,Chota Cb Biryani,5,850.0
2026-04-18,Chota CDB Biryani,2,340.0
2026-04-18,COOL DRINK 250 ML,37,740.0
2026-04-18,Crispy Corn,2,320.0
2026-04-18,Curd,5,155.0
2026-04-18,Curd Rice,9,684.0
2026-04-18,Fish Appolo,3,1038.0
2026-04-18,Fish Curry Small,3,690.0
2026-04-18,LASSI SWEET,8,520.0
2026-04-18,METHI CHAMAN,6,1440.0
2026-04-18,MIWATER .500ml,8,80.0
2026-04-18,MI.WATER LT,58,1160.0
2026-04-18,Mix Veg Curry,3,570.0
2026-04-18,Murgi Masala B,2,632.0
2026-04-18,Mushroom,65,200.0
2026-04-18,Mushroom Curry,2,420.0
2026-04-18,Mushuroom Biryani,4,916.0
2026-04-18,MUTTON FRY PIECE BIRYANI,7,2674.0
2026-04-18,Paneer Butter Masala,5,1100.0
2026-04-18,PANNER Biryani,2,458.0
2026-04-18,Panner mejestick,3,690.0
2026-04-18,PLAIN RICE,9,432.0
2026-04-18,PRAWNS BIRYANI,5,1535.0
2026-04-18,PULKA,39,468.0
2026-04-18,Roti,33,990.0
2026-04-18,Soda .750ml,6,108.0
2026-04-18,SP CHICKEN BIRYANI,21,5607.0
2026-04-18,Spl Fish Curry,2,700.0
2026-04-18,spl veg biryani,2,440.0
2026-04-18,TANDOORI KABAB Full,2,690.0
2026-04-18,To Day Spl Chi (BL),2,740.0
2026-04-18,VEG BIRYANI,4,688.0
2026-04-18,VEG FRIED RICE,4,656.0
2026-04-18,Veg SWEET CORN SOUP,3,390.0
2026-04-19,ADITYA SPL BIRYANI,1,353.0
2026-04-19,AMERICAN NUTS Ice Cream,3,450.0
2026-04-19,ANJEERBADAM Ice Cream,2,300.0
2026-04-19,Baby Corn Manchuria,1,200.0
2026-04-19,BLACK CURRENT Ice Cream,1,130.0
2026-04-19,BLACK CURRENT Milk Shake,1,150.0
2026-04-19,Butter Chicken BL,3,921.0
2026-04-19,BUTTER MILK,2,90.0
2026-04-19,Butter Non,43,2150.0
2026-04-19,BUTTERSCOTCH Ice Cream,1,120.0
2026-04-19,Cashewnut Biryani,2,458.0
2026-04-19,Cashewnut Curry,3,720.0
2026-04-19,Cashewnut Fry,1,240.0
2026-04-19,Cashewnut Mushuram Curry,1,340.0
2026-04-19,Cashewnut Panner Biryani,1,250.0
2026-04-19,Cashewnut Panner Curry,1,250.0
2026-04-19,Cashewnut Tomato,2,480.0
2026-04-19,cashw nut fried rice,2,440.0
2026-04-19,chi lolypop 6 pic,8,2600.0
2026-04-19,CHICKEN 65 BL,2,556.0
2026-04-19,Chicken Curry (B),2,500.0
2026-04-19,Chicken Curry BL,3,864.0
2026-04-19,Chicken Drums (B),3,1035.0
2026-04-19,CHICKEN DUM BIRYANI,13,3354.0
2026-04-19,Chicken Fry (B),2,520.0
2026-04-19,CHICKEN FRY PIECE BIRYANI,23,5934.0
2026-04-19,Chicken Hot N Sour,3,450.0
2026-04-19,Chicken LolyPop 3pc,5,1000.0
2026-04-19,Chicken Lolypop Biryani,2,670.0
2026-04-19,CHILLI CHICKEN BL,5,1390.0
2026-04-19,Chota Sp biryani,3,510.0
2026-04-19,COOL DRINK 250 ML,41,820.0
2026-04-19,Curd,8,248.0
2026-04-19,Curd Rice,10,760.0
2026-04-19,Egg,65,180.0
2026-04-19,Egg Burzi,2,260.0
2026-04-19,Fish Appolo,2,692.0
2026-04-19,Fish Curry Small,2,460.0
2026-04-19,Garlic Non,2,140.0
2026-04-19,GOBI 65,1,170.0
2026-04-19,Gobi Munchuria,2,340.0
2026-04-19,KADAI CHICKEN (B),3,840.0
2026-04-19,LASSI SALT,2,130.0
2026-04-19,LASSI SWEET,4,260.0
2026-04-19,MASALA KULCHA,2,140.0
2026-04-19,METHI CHAMAN,3,720.0
2026-04-19,MI.WATER .500ml,21,210.0
2026-04-19,MIWATER LT,48,960.0
2026-04-19,Mix Veg Curry,2,380.0
2026-04-19,Mushroom Curry,2,420.0
2026-04-19,Mushuroom Biryani,2,458.0
2026-04-19,Mutton Curry (L),4,1760.0
2026-04-19,MUTTON FRY PIECE BIRYANI,7,2674.0
2026-04-19,Palak Curry,2,300.0
2026-04-19,Paneer 65,2,420.0
2026-04-19,Paneer,555,240.0
2026-04-19,Paneer Butter Masala,7,1540.0
2026-04-19,PANNER Biryani,3,687.0
2026-04-19,PLAIN RICE,8,384.0
2026-04-19,PRAWNS BIRYANI,2,614.0
2026-04-19,PULKA,53,636.0
2026-04-19,Roti,36,1080.0
2026-04-19,Soda 750ml,6,108.0
2026-04-19,SP CHICKEN BIRYANI,27,7209.0
2026-04-19,SP CHICKEN FRIED RICE,5,1390.0
2026-04-19,SP FAMILY PACK,6,3420.0
2026-04-19,Spl Curd Rice,2,172.0
2026-04-19,Spl Fish Curry,6,2100.0
2026-04-19,spl veg biryani,2,440.0
2026-04-19,TANDOORI CHICKEN HALF,3,915.0
2026-04-19,To Day Spl Chi (BL),3,1110.0
2026-04-19,To Day Spl Chicken Biryani,5,1900.0
2026-04-19,TO DAY SPL TIKKA,2,690.0
2026-04-19,VEG BIRYANI,8,1376.0
2026-04-19,Veg SWEET CORN SOUP,5,650.0
2026-04-19,ZEERA RICE,3,489.0
2026-04-20,1 BY 2 Curd rice,2,160.0
2026-04-20,AMERICAN NUTS Ice Cream,2,300.0
2026-04-20,Andhra Chicken BL,1,316.0
2026-04-20,Belgom Chocolate Ice Cream,2,260.0
2026-04-20,BIRYANI RICE,4,648.0
2026-04-20,BLACK CURRENT Ice Cream,1,130.0
2026-04-20,BOILED EGG,2,70.0
2026-04-20,Bulter Chicken BL,3,921.0
2026-04-20,Bulter Non,36,1800.0
2026-04-20,BUTTERSCOTCH Ice Cream,2,240.0
2026-04-20,Cashewnut Biryani,2,458.0
2026-04-20,Cashewnut Curry,2,480.0
2026-04-20,Cashewnut Fry,1,240.0
2026-04-20,Cashewnut Tomato,1,240.0
2026-04-20,CB FAMILY PACK,2,1150.0
2026-04-20,CDB FAMILLY PACK,2,1110.0
2026-04-20,chi lolypop 6 pic,6,1950.0
2026-04-20,chi mejistic,1,315.0
2026-04-20,Chicken Curry (B),2,500.0
2026-04-20,CHICKEN DUM BIRYANI,10,2580.0
2026-04-20,Chicken Egg Drop BL,3,975.0
2026-04-20,CHICKEN FRIED RICE,2,478.0
2026-04-20,CHICKEN FRY PIECE BIRYANI,18,4644.0
2026-04-20,Chicken LolyPop 3pc,2,400.0
2026-04-20,Chicken Lolypop Biryani,3,1005.0
2026-04-20,Chicken Manchow Soup,2,288.0
2026-04-20,CHILLI CHICKEN BL,5,1390.0
2026-04-20,Chota Sp biryani,3,510.0
2026-04-20,COOL DRINK 250 ML,31,620.0
2026-04-20,Curd,9,279.0
2026-04-20,Curd Rice,7,532.0
2026-04-20,EGG FRIED RICE,3,579.0
2026-04-20,GOBI,65,170.0
2026-04-20,Gobi Munchuria,2,340.0
2026-04-20,Kadai Chicken BL,2,614.0
2026-04-20,Kalmi BIRYANI,2,670.0
2026-04-20,LASSI SWEET,3,195.0
2026-04-20,METHI CHAMAN,2,480.0
2026-04-20,MI.WATER .500ml,9,90.0
2026-04-20,MI.WATER LT,72,1440.0
2026-04-20,Mixed Fried Rice N V,2,620.0
2026-04-20,Mushroom Curry,2,420.0
2026-04-20,Mutton Curry (L),3,1320.0
2026-04-20,MUTTON FRY PIECE BIRYANI,3,1146.0
2026-04-20,Paneer Butter Masala,3,660.0
2026-04-20,PANNER Biryani,2,458.0
2026-04-20,PLAIN RICE,10,480.0
2026-04-20,PULKA,10,120.0
2026-04-20,Roti,15,450.0
2026-04-20,Soda .750ml,4,72.0
2026-04-20,SP CHICKEN BIRYANI,25,6675.0
2026-04-20,SP CHICKEN FRIED RICE,3,834.0
2026-04-20,spl veg biryani,2,440.0
2026-04-20,Tandoori Chicken Biryani,2,670.0
2026-04-20,VEG BIRYANI,3,516.0
2026-04-20,Veg Manchow Soup,2,270.0
2026-04-21,Andhra Chicken BL,1,316.0
2026-04-21,ANDHRA CHICKEN (B),2,580.0
2026-04-21,Baby Corn 65,1,200.0
2026-04-21,Baby Corn Pepper Salt,1,200.0
2026-04-21,BIRYANI RICE,3,486.0
2026-04-21,BLACK CURRENT Ice Cream,2,260.0
2026-04-21,BUTR SCOTCH Milk Shake,2,280.0
2026-04-21,Butter Chicken BL,1,307.0
2026-04-21,Butter Non,21,1050.0
2026-04-21,Butter Roti,3,105.0
2026-04-21,BUTTERSCOTCH Ice Cream,4,480.0
2026-04-21,Cashewnut Biryani,1,229.0
2026-04-21,Cashewnut Curry,2,480.0
2026-04-21,Cashewnut Fry,1,240.0
2026-04-21,Cashewnut Panner Curry,1,250.0
2026-04-21,chi lolypop pic,3,975.0
2026-04-21,CHICKEN 65 BL,3,834.0
2026-04-21,Chicken Corn Soup,1,150.0
2026-04-21,Chicken Curry (B),2,500.0
2026-04-21,CHICKEN DUM BIRYANI,12,3096.0
2026-04-21,Chicken Fry BL,5,1390.0
2026-04-21,CHICKEN FRY PIECE BIRYANI,19,4902.0
2026-04-21,Chicken LolyPop 3pc,8,1600.0
2026-04-21,Chicken Lolypop Biryani,4,1340.0
2026-04-21,CHILLI CHICKEN BL,2,556.0
2026-04-21,Chota Sp biryani,2,340.0
2026-04-21,COOL DRINK 250 ML,40,800.0
2026-04-21,Curd,4,124.0
2026-04-21,Curd Rice,5,380.0
2026-04-21,EGG BIRYANI,2,384.0
2026-04-21,EGG FRIED RICE,3,579.0
2026-04-21,Gobi Munchuria,2,340.0
2026-04-21,LASSI SWEET,4,260.0
2026-04-21,Loose Prawns,3,1038.0
2026-04-21,MI.WATER .500ml,12,120.0
2026-04-21,MIWATER LT,48,960.0
2026-04-21,Moghalai Chicken BL,2,652.0
2026-04-21,Murgi Masala B,2,632.0
2026-04-21,Mushuroom Fried Rice,2,440.0
2026-04-21,Mutton Curry (L),3,1320.0
2026-04-21,MUTTON FRY PIECE BIRYANI,5,1910.0
2026-04-21,Paneer 65,2,420.0
2026-04-21,Paneer Butter Masala,5,1100.0
2026-04-21,PANNER Biryani,2,458.0
2026-04-21,PLAIN RICE,21,1008.0
2026-04-21,PRAWNS BIRYANI,5,1535.0
2026-04-21,Prawns Curry,5,1635.0
2026-04-21,Prwans Fry,3,1008.0
2026-04-21,PULKA,34,408.0
2026-04-21,Roti,13,390.0
2026-04-21,SP CHICKEN BIRYANI,39,10413.0
2026-04-21,Spl Fish Curry,5,1750.0
2026-04-21,spl veg biryani,4,880.0
2026-04-21,TANDOORI CHICKEN HALF,2,610.0
2026-04-21,TANDOORI KABAB Full,2,690.0
2026-04-22,Andhra Chicken BL,2,632.0
2026-04-22,ANJEERBADAM Ice Crean,2,300.0
2026-04-22,BIRYANI RICE,1,162.0
2026-04-22,Bulter Non,30,1500.0
2026-04-22,Cashewnut Biryani,1,229.0
2026-04-22,Cashewnut Curry,3,720.0
2026-04-22,CB FAMILY PACK,2,1150.0
2026-04-22,CDB FAMILLY PACK,2,1110.0
2026-04-22,chi lolypop 6 pic,5,1625.0
2026-04-22,Chi Lolypop Bir (F) Pack,1,660.0
2026-04-22,CHICKEN 555 BL,2,670.0
2026-04-22,CHICKEN 65 BL,3,834.0
2026-04-22,Chicken Corn Soup,2,300.0
2026-04-22,Chicken Curry (B),3,750.0
2026-04-22,Chicken Curry BL,7,288.0
2026-04-22,CHICKEN DUM BIRYANI,17,4386.0
2026-04-22,Chicken Egg Drop BL,4,1300.0
2026-04-22,CHICKEN FRIED RICE,1,239.0
2026-04-22,CHICKEN FRY PIECE BIRYANI,14,3612.0
2026-04-22,Chicken Hot N Sour,3,450.0
2026-04-22,Chicken LolyPop 3pc,7,1400.0
2026-04-22,Chicken Lolypop Biryani,4,1340.0
2026-04-22,CHILLI CHICKEN BL,2,556.0
2026-04-22,COOL DRINK 250 ML,35,700.0
2026-04-22,Curd,8,248.0
2026-04-22,Curd Rice,12,912.0
2026-04-22,EGG FRIED RICE,3,579.0
2026-04-22,GOBI,65,170.0
2026-04-22,Kadai Chicken BL 4,1,228.0
2026-04-22,LASSI SWEET,3,195.0
2026-04-22,METHI CHAMAN,2,480.0
2026-04-22,MIWATER .500ml,28,280.0
2026-04-22,MI.WATER LT,49,980.0
2026-04-22,Mogalai Biryani,2,632.0
2026-04-22,MUTTON FRY PIECE BIRYANI,5,1910.0
2026-04-22,Palak Paneer,2,420.0
2026-04-22,PLAIN RICE,9,432.0
2026-04-22,PULKA,36,432.0
2026-04-22,R R Chicken BL,2,650.0
2026-04-22,Roti,2,60.0
2026-04-22,SP CHICKEN BIRYANI,29,7743.0
2026-04-22,SP CHICKEN FRIED RICE,2,556.0
2026-04-22,SP FAMILY PACK,2,1140.0
2026-04-22,Tandoori Chicken Biryani,3,1005.0
2026-04-22,Vannila Ice Cream,2,198.0
2026-04-22,VEG FRIED RICE,2,328.0
2026-04-23,ADITYA SPL BIRYANI,1,353.0
2026-04-23,Andhra Chicken BL,2,632.0
2026-04-23,ANDHRA CHICKEN (B),2,580.0
2026-04-23,Baby Corn 65,1,200.0
2026-04-23,Belgom Chocolate Ice Cream,1,130.0
2026-04-23,Bulter Chicken BL,1,307.0
2026-04-23,BUTTER MILK,1,45.0
2026-04-23,Butter Non,21,1050.0
2026-04-23,Cashewnut Curry,2,480.0
2026-04-23,cashw nut fried rice,1,220.0
2026-04-23,CDB FAMILLY PACK,7,555.0
2026-04-23,chi lolypop 6 pic,4,1300.0
2026-04-23,Chicken Curry (B),2,500.0
2026-04-23,Chicken Drums (B),2,690.0
2026-04-23,CHICKEN DUM BIRYANI,10,2580.0
2026-04-23,Chicken Egg Drop BL,7,325.0
2026-04-23,CHICKEN FRIED RICE,1,239.0
2026-04-23,Chicken Fry BL,2,556.0
2026-04-23,CHICKEN FRY PIECE BIRYANI,10,2580.0
2026-04-23,Chicken LolyPop 3pc,2,400.0
2026-04-23,CHILLI CHICKEN BL,2,556.0
2026-04-23,Chota Sp biryani,2,340.0
2026-04-23,COOL DRINK 250 ML,29,580.0
2026-04-23,Crispy Corn,2,320.0
2026-04-23,Curd,5,155.0
2026-04-23,Curd Rice,16,1216.0
2026-04-23,EGG FRIED RICE,2,386.0
2026-04-23,GOBI,65,170.0
2026-04-23,METHI CHAMAN,5,1200.0
2026-04-23,MI.WATER .500ml,28,280.0
2026-04-23,MLWATER LT,49,980.0
2026-04-23,Murgi Masala B,2,632.0
2026-04-23,Mushroom Curry,2,420.0
2026-04-23,Mushroom Pepper & Salt,2,400.0
2026-04-23,Mushuroom Biryani,5,1145.0
2026-04-23,Mutton Curry (L),2,880.0
2026-04-23,mutton curry (s),2,700.0
2026-04-23,MUTTON FRY PIECE BIRYANI,8,3056.0
2026-04-23,Mutton Hot NSour,2,390.0
2026-04-23,Paneer,555,240.0
2026-04-23,PANNER Biryani,4,916.0
2026-04-23,Pineapple Ice Creem,2,260.0
2026-04-23,PLAIN RICE,11,528.0
2026-04-23,PRAWNS BIRYANI,4,1228.0
2026-04-23,PULKA,7,84.0
2026-04-23,R R Chicken BL,3,975.0
2026-04-23,Roti,28,840.0
2026-04-23,Soda 750ml,6,108.0
2026-04-23,SP CHICKEN BIRYANI,16,4272.0
2026-04-23,Spl Curd Rice,3,258.0
2026-04-23,Spl Fish Curry,2,700.0
2026-04-23,TANDOORI CHICKEN HALF,2,610.0
2026-04-23,To Day Spl Chi (BL),2,740.0
2026-04-23,TOMOTO SOUP,3,360.0
2026-04-23,VEG BIRYANI,3,516.0
2026-04-23,Veg Machuria,2,340.0
2026-04-24,1 BY 2 Curd rice,2,160.0
2026-04-24,AMERICAN NUTS Ice Cream,1,150.0
2026-04-24,Andhra Chicken BL,1,316.0
2026-04-24,ANJEERBADAM Ice Cream,5,750.0
2026-04-24,Baby Corn Manchuria,1,200.0
2026-04-24,Baby Corn Pepper Salt,7,200.0
2026-04-24,Belgom Chocolate Ice Cream,5,650.0
2026-04-24,BIRYANI RICE,2,324.0
2026-04-24,BOILED EGG,2,70.0
2026-04-24,Butter Chicken BL,3,921.0
2026-04-24,Bulter Non,42,2100.0
2026-04-24,BUTTERSCOTCH Ice Cream,1,120.0
2026-04-24,Cashewnut Biryani,4,916.0
2026-04-24,Cashewnut Curry,1,240.0
2026-04-24,CDB FAMILLY PACK,2,1110.0
2026-04-24,chi lolypop 6 pic,11,3575.0
2026-04-24,Chi Lolypop Bir (F) Pack,1,660.0
2026-04-24,CHICKEN 65 BL,6,1668.0
2026-04-24,Chicken Curry (B),8,2000.0
2026-04-24,Chicken Curry BL,4,1152.0
2026-04-24,Chicken Drums (B),2,690.0
2026-04-24,CHICKEN DUM BIRYANI,14,3612.0
2026-04-24,Chicken Egg Drop BL,5,1625.0
2026-04-24,CHICKEN FRY PIECE BIRYANI,12,3096.0
2026-04-24,Chicken LolyPop 3pc,5,1000.0
2026-04-24,Chicken Lolypop Biryani,4,1340.0
2026-04-24,CHILLI CHICKEN BL,7,1946.0
2026-04-24,Chilli Paneer,3,630.0
2026-04-24,Chota Cb Biryani,2,340.0
2026-04-24,COOL DRINK 250 ML,36,720.0
2026-04-24,Curd,3,93.0
2026-04-24,Curd Rice,16,1216.0
2026-04-24,EGG FRIED RICE,3,579.0
2026-04-24,Fish Appolo,2,692.0
2026-04-24,Fish Curry Small,2,460.0
2026-04-24,GreenPiece Masala,3,540.0
2026-04-24,Kadai Paneer,3,690.0
2026-04-24,Kadai Veg,3,570.0
2026-04-24,LASSI SWEET,4,260.0
2026-04-24,METHI CHAMAN,2,480.0
2026-04-24,MI.WATER 500ml,27,270.0
2026-04-24,MI.WATER LT,69,1380.0
2026-04-24,Mutton Curry (L),2,880.0
2026-04-24,mutton curry (s),2,700.0
2026-04-24,MUTTON FRY PIECE BIRYANI,5,1910.0
2026-04-24,Omlett,3,270.0
2026-04-24,Palak Paneer,3,630.0
2026-04-24,Paneer Butter Masala,2,440.0
2026-04-24,PANNER Biryani,2,458.0
2026-04-24,PANNER KULCHA,1,80.0
2026-04-24,PEPPER CHIEKEN BL,2,650.0
2026-04-24,PLAIN RICE,24,1152.0
2026-04-24,PRAWNS BIRYANI,2,614.0
2026-04-24,Prwans Fry,4,1344.0
2026-04-24,PULKA,6,72.0
2026-04-24,R R Chicken BL,6,1950.0
2026-04-24,Roti,36,1080.0
2026-04-24,SP CHICKEN BIRYANI,22,5874.0
2026-04-24,SP FAMILY PACK,4,2280.0
2026-04-24,Spl Fish Curry,4,1400.0
2026-04-24,spl veg biryani,3,660.0
2026-04-24,STRAWBERRY Ice Cream,2,220.0
2026-04-24,TANDOORI CHICKEN HALF,2,610.0
2026-04-24,TANDOORI KABAB Full,5,1725.0
2026-04-24,To Day Spl Chi (BL),2,740.0
2026-04-24,To Day Spl Chicken Biryani,2,760.0
2026-04-24,VEG BIRYANI,4,688.0
2026-04-25,ADITYA SPL BIRYANI,1,353.0
2026-04-25,Andhra Chicken BL,1,316.0
2026-04-25,ANDHRA CHICKEN (B),1,290.0
2026-04-25,ANJEERBADAM Ice Cream,1,150.0
2026-04-25,Baby Corn 65,1,200.0
2026-04-25,Baby Corn Manchuria,1,200.0
2026-04-25,Belgom Chocolate Ice Cream,2,260.0
2026-04-25,Butter Chicken BL,2,614.0
2026-04-25,Bulter Non,52,2600.0
2026-04-25,Bulter Roti,4,140.0
2026-04-25,BUTTERSCOTCH Ice Cream,4,480.0
2026-04-25,Cashewnut Biryani,2,458.0
2026-04-25,Cashewnut Curry,2,480.0
2026-04-25,Cashewnut Fry,1,240.0
2026-04-25,Cashewnut Panner Biryani,1,250.0
2026-04-25,Cashewnut Panner Curry,1,250.0
2026-04-25,Cashewnut Panner(F) Rice,1,250.0
2026-04-26,ADITYA SPL BIRYANI,1,353.0
2026-04-26,AMERICAN NUTS Ice Cream,2,300.0
2026-04-26,ANDHRA CHICKEN (B),2,580.0
2026-04-26,ANJEERBADAM Ice Cream,1,150.0
2026-04-26,Baby Corn Manchuria,2,400.0
2026-04-26,Belgom Chocolate Ice Cream,2,260.0
2026-04-26,BIRYANI RICE,2,324.0
2026-04-26,Butter Chicken BL,4,1228.0
2026-04-26,BUTTER MILK,7,315.0
2026-04-26,Butter Non,74,3700.0
2026-04-26,Butter Roti,6,140.0
2026-04-26,BUTTERSCOTCH Ice Cream,4,480.0
2026-04-26,CARAMELNUTS Milk Shake,1,140.0
2026-04-26,Cashewnut Biryani,1,229.0
2026-04-26,Cashewnut Curry,9,2160.0
2026-04-26,Cashewnut Melhi,1,240.0
2026-04-26,Cashewnut Mushuram Curry,1,340.0
2026-04-26,Cashewnut Panner Curry,5,1250.0
2026-04-26,CDB FAMILLY PACK,2,1110.0
2026-04-26,chi lolypop 6 pic,6,1950.0
2026-04-26,chi mejistic,2,630.0
2026-04-26,CHICKEN 65 BL,3,834.0
2026-04-26,Chicken Curry (B),3,750.0
2026-04-26,Chicken Curry BL,5,1440.0
2026-04-26,CHICKEN DUM BIRYANI,14,3612.0
2026-04-26,CHICKEN FRY PIECE BIRYANI,8,2064.0
2026-04-26,Chicken LolyPop 3pc,5,1000.0
2026-04-26,Chicken Lolypop Biryani,4,1340.0
2026-04-26,Chicken Manchow Soup,2,288.0
2026-04-26,CHILLI CHICKEN BL,3,834.0
2026-04-26,Chota Sp biryani,3,510.0
2026-04-26,COOL DRINK 250 ML,54,1080.0
2026-04-26,Curd,5,155.0
2026-04-26,Curd Rice,12,912.0
2026-04-26,EGG BIRYANI,2,384.0
2026-04-26,EGG FRIED RICE,4,772.0
2026-04-26,Fresh Leman Soda,2,80.0
2026-04-26,Garlic Non,2,140.0
2026-04-26,GOBI,65,170.0
2026-04-26,MASALA KULCHA,5,350.0
2026-04-26,METHI CHAMAN,2,480.0
2026-04-26,MI.WATER .500ml,24,240.0
2026-04-26,MI.WATER LT,177,3540.0
2026-04-26,Mix Veg Curry,2,380.0
2026-04-26,MTB FAMILY PACK,2,1550.0
2026-04-26,Murgi Masala B,3,948.0
2026-04-26,Mushroom Curry,6,1260.0
2026-04-26,Mushroom Pepper & Salt,2,400.0
2026-04-26,Mushuroom Biryani,2,458.0
2026-04-26,Mutton Curry (L),3,1320.0
2026-04-26,MUTTON FRY PIECE BIRYANI,5,1910.0
2026-04-26,Mutton Soup,3,585.0
2026-04-26,Paneer,65,210.0
2026-04-26,Paneer Butter Masala,5,1100.0
2026-04-26,PLAIN RICE,10,480.0
2026-04-26,PRAWNS BIRYANI,7,2149.0
2026-04-26,Prawns Curry,5,1635.0
2026-04-26,PULKA,69,828.0
2026-04-26,R R Chicken BL,5,1625.0
2026-04-26,Roti,25,750.0
2026-04-26,Soda 750ml,6,108.0
2026-04-26,SP CHICKEN BIRYANI,30,8010.0
2026-04-26,SP CHICKEN FRIED RICE,3,834.0
2026-04-26,SP FAMILY PACK,6,3420.0
2026-04-26,Spl Fish Curry,3,1050.0
2026-04-26,Star Chicken (B),2,620.0
2026-04-26,TANDOORI CHICKEN FULL,2,980.0
2026-04-26,Vannila Ice Cream,2,198.0
2026-04-26,VEG BIRYANI,9,1548.0
2026-04-26,VEG FRIED RICE,7,1148.0
2026-04-27,Andhra Chicken BL,1,316.0
2026-04-27,ANDHRA CHICKEN (B),1,290.0
2026-04-27,Belgom Chocolate Ice Cream,7,130.0
2026-04-27,BIRYANI RICE,1,162.0
2026-04-27,BOILED EGG,1,35.0
2026-04-27,Butter Chicken BL,1,307.0
2026-04-27,Butter Non,45,2250.0
2026-04-27,BUTTERSCOTCH Ice Cream,1,120.0
2026-04-27,Cashewnut Biryani,1,229.0
2026-04-27,Cashewnut Curry,6,1440.0
2026-04-27,Cashewnut Panner Curry,1,250.0
2026-04-27,CB FAMILY PACK,1,575.0
2026-04-27,CDB FAMILLY PACK,2,1110.0
2026-04-27,chi lolypop 6 pic,4,1300.0
2026-04-27,chi mejistic,1,315.0
2026-04-27,CHICKEN 65 BL,5,1390.0
2026-04-27,Chicken Curry (B),2,500.0
2026-04-27,CHICKEN DUM BIRYANI,18,4644.0
2026-04-27,CHICKEN FRIED RICE,2,478.0
2026-04-27,CHICKEN FRY PIECE BIRYANI,14,3612.0
2026-04-27,Chicken LolyPop 3pc,6,1200.0
2026-04-27,CHILLI CHICKEN BL,3,834.0
2026-04-27,Chota Cb Biryani,5,850.0
2026-04-27,Chota CDB Biryani,2,340.0
2026-04-27,Chota mutton Bir,2,560.0
2026-04-27,Chota Sp biryani,2,340.0
2026-04-27,COOL DRINK 250 ML,37,740.0
2026-04-27,Curd,7,217.0
2026-04-27,Curd Rice,17,1292.0
2026-04-27,Fish Appolo,2,692.0
2026-04-27,Fish Curry Small,4,920.0
2026-04-27,Garlic Non,4,280.0
2026-04-27,GOBI,65,170.0
2026-04-27,Kadai Chicken BL,3,921.0
2026-04-27,METHI CHAMAN,4,960.0
2026-04-27,MLWATER .500ml,41,410.0
2026-04-27,MI.WATER LT,44,880.0
2026-04-27,Murgi Masala B,2,632.0
2026-04-27,Mushroom Curry,2,420.0
2026-04-27,Mushuroom Biryani,2,458.0
2026-04-27,Mutton Curry (L),3,1320.0
2026-04-27,MUTTON FRY PIECE BIRYANI,2,764.0
2026-04-27,Paneer,65,210.0
2026-04-27,Paneer Butter Masala,4,880.0
2026-04-27,PANNER Biryani,3,687.0
2026-04-27,PLAIN NON,3,120.0
2026-04-27,PLAIN RICE,13,624.0
2026-04-27,PRAWNS BIRYANI,4,1228.0
2026-04-27,Prawns Curry,2,654.0
2026-04-27,Prwans Fry,3,1008.0
2026-04-27,PULKA,23,276.0
2026-04-27,R R Chicken BL,2,650.0
2026-04-27,Roti,6,180.0
2026-04-27,Sezwan chi Fried Rice,3,777.0
2026-04-27,Soda .750ml,4,72.0
2026-04-27,SP CHICKEN BIRYANI,17,4539.0
2026-04-27,SP CHICKEN FRIED RICE,2,556.0
2026-04-27,SP FAMILY PACK,3,1710.0
2026-04-27,Spl Veg Family pack,2,880.0
2026-04-27,TANDOORI CHICKEN FULL,2,980.0
2026-04-27,To Day Spl Chicken Biryani,2,760.0
2026-04-27,TOMOTO SOUP,6,720.0
2026-04-27,Vannila Ice Cream,2,198.0
2026-04-28,AMERICAN NUTS Ice Cream,2,300.0
2026-04-28,Belgom Chocolate Ice Cream,3,390.0
2026-04-28,BIRYANI RICE,3,486.0
2026-04-28,BLACK CURRENT Milk Shake,1,150.0
2026-04-28,BUTTER MILK,3,135.0
2026-04-28,Butter Non,13,650.0
2026-04-28,Cashewnut Biryani,2,458.0
2026-04-28,Cashewnut Panner Curry,1,250.0
2026-04-28,Cashewnut Tomato,1,240.0
2026-04-28,CDB FAMILLY PACK,2,1110.0
2026-04-28,chi lolypop 6 pic,7,2275.0
2026-04-28,CHICKEN 555 BL,2,670.0
2026-04-28,CHICKEN 65 BL,3,834.0
2026-04-28,Chicken 85 BL,1,325.0
2026-04-28,Chicken Curry (B),3,750.0
2026-04-28,Chicken Curry BL,1,288.0
2026-04-28,CHICKEN DUM BIRYANI,7,1806.0
2026-04-28,Chicken Fry BL,2,556.0
2026-04-28,CHICKEN FRY PIECE BIRYANI,15,3870.0
2026-04-28,Chicken LolyPop 3pc,6,1200.0
2026-04-28,Chicken Lolypop Biryani,5,1675.0
2026-04-28,CHILLI CHICKEN BL,2,556.0
2026-04-28,Chota Sp biryani,3,510.0
2026-04-28,COOL DRINK 250 ML,44,880.0
2026-04-28,Curd,7,217.0
2026-04-28,Curd Rice,11,836.0
2026-04-28,Dragen Chicken (BL),3,945.0
2026-04-28,EGG FRIED RICE,2,386.0
2026-04-28,Gobi Munchuria,2,340.0
2026-04-28,LASSI SWEET,2,130.0
2026-04-28,MI.WATER .500ml,6,60.0
2026-04-28,MI.WATER LT,56,1120.0
2026-04-28,MTB FAMILY PACK,3,2325.0
2026-04-28,MUTTON FRY PIECE BIRYANI,6,2292.0
2026-04-28,Mutton Soup,3,585.0
2026-04-28,Paneer 65,2,420.0
2026-04-28,Paneer Butter Masala,3,660.0
2026-04-28,PLAIN RICE,11,528.0
2026-04-28,PRAWNS BIRYANI,3,921.0
2026-04-28,Prwans Fry,3,1008.0
2026-04-28,PULKA,42,504.0
2026-04-28,Roti,12,360.0
2026-04-28,Sezwan Gobi Fried Rice,2,400.0
2026-04-28,Soda 750ml,5,90.0
2026-04-28,SP CHICKEN BIRYANI,28,7476.0
2026-04-28,SP FAMILY PACK,2,1140.0
2026-04-28,Spl Curd Rice,2,172.0
2026-04-28,Spl Fish Curry,2,700.0
2026-04-28,SPL VEG FRIED RICE,2,440.0
2026-04-28,TANDOORI CHICKEN FULL,3,1470.0
2026-04-28,Vannila Ice Cream,4,396.0
2026-04-28,VEG BIRYANI,2,344.0
2026-04-28,ZEERA RICE,3,489.0
2026-04-29,ANDHRA CHICKEN (B),1,290.0
2026-04-29,ANJEERBADAM Ice Cream,2,300.0
2026-04-29,BIRYANI RICE,1,162.0
2026-04-29,BOILED EGG,2,70.0
2026-04-29,Butter Chicken BL,1,307.0
2026-04-29,Butter Non,31,1550.0
2026-04-29,BUTTERSCOTCH Ice Cream,3,360.0
2026-04-29,Cashewnut Biryani,1,229.0
2026-04-29,Cashewnut Curry,2,480.0
2026-04-29,chi lolypop 6 pic,7,2275.0
2026-04-29,chi mejistic,1,315.0
2026-04-29,CHICKEN 65 BL,3,834.0
2026-04-29,Chicken Curry (B),4,1000.0
2026-04-29,Chicken Curry BL,1,288.0
2026-04-29,CHICKEN DUM BIRYANI,11,2838.0
2026-04-29,Chicken Fry (B),1,260.0
2026-04-29,Chicken Fry BL,2,556.0
2026-04-29,CHICKEN FRY PIECE BIRYANI,7,1806.0
2026-04-29,Chicken LolyPop 3pc,6,1200.0
2026-04-29,Chicken Lolypop Biryani,3,1005.0
2026-04-29,Chota Cb Biryani,3,510.0
2026-04-29,Chota Sp biryani,2,340.0
2026-04-29,COOL DRINK 250 ML,19,380.0
2026-04-29,Curd,3,93.0
2026-04-29,Curd Rice,16,1216.0
2026-04-29,EGG FRIED RICE,2,386.0
2026-04-29,Lemon Coriander soup,3,360.0
2026-04-29,METHI CHAMAN,2,480.0
2026-04-29,MI.WATER .500ml,24,240.0
2026-04-29,MIWATER LT,69,1380.0
2026-04-29,Mushroom Curry,3,630.0
2026-04-29,MUTTON FRY PIECE BIRYANI,5,1910.0
2026-04-29,Palak Paneer,2,420.0
2026-04-29,Paneer,65,210.0
2026-04-29,Paneer Butter Masala,2,440.0
2026-04-29,PANNER Biryani,3,687.0
2026-04-29,PLAIN RICE,9,432.0
2026-04-29,PRAWNS BIRYANI,2,614.0
2026-04-29,Prawns Curry,2,654.0
2026-04-29,PULKA,18,216.0
2026-04-29,Roti,17,510.0
2026-04-29,Soda .750ml,5,90.0
2026-04-29,SP CHICKEN BIRYANI,23,6141.0
2026-04-29,SP CHICKEN FRIED RICE,3,834.0
2026-04-29,SP FAMILY PACK,3,1710.0
2026-04-29,Spl Fish Curry,2,700.0
2026-04-29,spl veg biryani,2,440.0
2026-04-29,STRAWBERRY Ice Cream,3,330.0
2026-04-29,VEG BIRYANI,2,344.0
2026-04-29,VEG FRIED RICE,2,328.0
2026-04-30,Baby Corn Pepper Salt,1,200.0
2026-04-30,Belgom Chocolate Ice Cream,2,260.0
2026-04-30,BIRYANI RICE,3,486.0
2026-04-30,BLACK CURRENT Ice Cream,2,260.0
2026-04-30,Butter Chicken BL,1,307.0
2026-04-30,Butter Non,40,2000.0
2026-04-30,Butter Roti,2,70.0
2026-04-30,BUTTERSCOTCH Ice Cream,2,240.0
2026-04-30,Cashewnut Bir (F)Pack,1,480.0
2026-04-30,Cashewnut Biryani,2,458.0
2026-04-30,Cashewnut Curry,4,960.0
2026-04-30,Cashewnut Panner Biryani,1,250.0
2026-04-30,CB FAMILY PACK,1,575.0
2026-04-30,CDB FAMILLY PACK,2,1110.0
2026-04-30,chi lolypop 6 pic,10,3250.0
2026-04-30,CHICKEN 65 BL,2,556.0
2026-04-30,Chicken Curry (B),3,750.0
2026-04-30,Chicken Curry BL,2,576.0
2026-04-30,CHICKEN DUM BIRYANI,20,5160.0
2026-04-30,CHICKEN FRY PIECE BIRYANI,17,4386.0
2026-04-30,Chicken LolyPop 3pc,7,1400.0
2026-04-30,Chicken Lolypop Biryani,3,1005.0
2026-04-30,CHILLI CHICKEN BL,3,834.0
2026-04-30,COOL DRINK 250 ML,30,600.0
2026-04-30,Curd,7,217.0
2026-04-30,Curd Rice,14,1064.0
2026-04-30,EGG FRIED RICE,2,386.0
2026-04-30,GOBI 65,2,340.0
2026-04-30,KADAI CHICKEN (B),2,560.0
2026-04-30,Kalmi BIRYANI,2,670.0
2026-04-30,LASSI SWEET,4,260.0
2026-04-30,METHI CHAMAN,5,1200.0
2026-04-30,MI.WATER .500ml,19,190.0
2026-04-30,MI.WATER LT,47,940.0
2026-04-30,Mushroom Curry,2,420.0
2026-04-30,Mushuroom Biryani,4,916.0
2026-04-30,MUTTON FRY PIECE BIRYANI,4,1528.0
2026-04-30,Paneer 65,2,420.0
2026-04-30,Paneer Butter Masala,11,2420.0
2026-04-30,PLAIN NON,2,80.0
2026-04-30,PLAIN RICE,6,288.0
2026-04-30,PRAWNS BIRYANI,4,1228.0
2026-04-30,Prawns Curry,2,654.0
2026-04-30,PULKA,26,312.0
2026-04-30,R R Chicken BL,3,975.0
2026-04-30,Roti,28,840.0
2026-04-30,SP CHICKEN BIRYANI,24,6408.0
2026-04-30,SP CHICKEN FRIED RICE,6,1668.0
2026-04-30,SP FAMILY PACK,8,4560.0
2026-04-30,Spl Fish Curry,3,1050.0
2026-04-30,spl veg biryani,3,660.0
2026-04-30,To Day Spl Chicken Biryani,2,760.0
2026-04-30,Tomato Curry,2,340.0
2026-04-30,VEG BIRYANI,9,1548.0
2026-04-30,VEG FRIED RICE,2,328.0
